step	accuracy
0	0.03125
1	0.34375
2	0.09375
3	0.125
4	0.40625
5	0.21875
6	0.125
7	0.1875
8	0.15625
9	0.125
10	0.125
11	0.125
12	0.15625
13	0.28125
14	0.375
15	0.15625
16	0.15625
17	0.25
18	0.1875
19	0.1875
20	0.125
21	0.09375
22	0.125
23	0.0625
24	0.03125
25	0.15625
26	0.0625
27	0.1875
28	0.0625
29	0.09375
30	0.0625
31	0.0625
32	0.09375
33	0.09375
34	0.125
35	0.03125
36	0.03125
37	0.03125
38	0.0625
39	0.0625
40	0.03125
41	0.09375
42	0.0625
43	0.0625
44	0.125
45	0.1875
46	0.0625
47	0.0625
48	0.25
49	0.09375
50	0.03125
51	0.125
52	0.09375
53	0.125
54	0.125
55	0.15625
56	0.0625
57	0.09375
58	0.125
59	0.125
60	0.1875
61	0.09375
62	0.09375
63	0.15625
64	0.25
65	0.1875
66	0.28125
67	0.09375
68	0.1875
69	0.125
70	0.09375
71	0.06666667014360428
72	0.125
73	0.0625
74	0.21875
75	0.25
76	0.1875
77	0.25
78	0.34375
79	0.25
80	0.40625
81	0.28125
82	0.4375
83	0.34375
84	0.34375
85	0.3125
86	0.46875
87	0.375
88	0.25
89	0.25
90	0.3125
91	0.3125
92	0.375
93	0.28125
94	0.34375
95	0.1875
96	0.3125
97	0.375
98	0.21875
99	0.15625
100	0.34375
101	0.21875
102	0.1875
103	0.21875
104	0.28125
105	0.25
106	0.15625
107	0.15625
108	0.0625
109	0.3125
110	0.1875
111	0.21875
112	0.15625
113	0.15625
114	0.15625
115	0.125
116	0.25
117	0.28125
118	0.25
119	0.125
120	0.125
121	0.25
122	0.125
123	0.21875
124	0.28125
125	0.21875
126	0.375
127	0.34375
128	0.25
129	0.21875
130	0.28125
131	0.21875
132	0.25
133	0.21875
134	0.1875
135	0.375
136	0.25
137	0.3125
138	0.3125
139	0.21875
140	0.28125
141	0.25
142	0.21875
143	0.2666666805744171
144	0.125
145	0.25
146	0.1875
147	0.40625
148	0.4375
149	0.28125
150	0.375
151	0.4375
152	0.40625
153	0.34375
154	0.46875
155	0.4375
156	0.28125
157	0.46875
158	0.3125
159	0.28125
160	0.125
161	0.34375
162	0.1875
163	0.34375
164	0.28125
165	0.21875
166	0.09375
167	0.1875
168	0.34375
169	0.28125
170	0.125
171	0.25
172	0.25
173	0.15625
174	0.125
175	0.15625
176	0.34375
177	0.375
178	0.1875
179	0.25
180	0.28125
181	0.28125
182	0.15625
183	0.21875
184	0.3125
185	0.21875
186	0.1875
187	0.21875
188	0.1875
189	0.09375
190	0.09375
191	0.09375
192	0.28125
193	0.40625
194	0.28125
195	0.25
196	0.34375
197	0.3125
198	0.3125
199	0.34375
200	0.46875
201	0.3125
202	0.1875
203	0.28125
204	0.4375
205	0.28125
206	0.28125
207	0.34375
208	0.34375
209	0.28125
210	0.21875
211	0.34375
212	0.28125
213	0.375
214	0.34375
215	0.46666669845581055
216	0.46875
217	0.34375
218	0.3125
219	0.40625
220	0.4375
221	0.34375
222	0.5625
223	0.46875
224	0.25
225	0.4375
226	0.21875
227	0.34375
228	0.28125
229	0.3125
230	0.3125
231	0.3125
232	0.375
233	0.25
234	0.375
235	0.3125
236	0.21875
237	0.34375
238	0.28125
239	0.40625
240	0.15625
241	0.34375
242	0.3125
243	0.28125
244	0.21875
245	0.375
246	0.28125
247	0.28125
248	0.375
249	0.28125
250	0.28125
251	0.375
252	0.25
253	0.4375
254	0.21875
255	0.25
256	0.1875
257	0.3125
258	0.34375
259	0.40625
260	0.34375
261	0.125
262	0.375
263	0.34375
264	0.34375
265	0.34375
266	0.25
267	0.34375
268	0.15625
269	0.25
270	0.5
271	0.21875
272	0.28125
273	0.46875
274	0.25
275	0.3125
276	0.25
277	0.34375
278	0.25
279	0.28125
280	0.28125
281	0.375
282	0.4375
283	0.3125
284	0.375
285	0.34375
286	0.4375
287	0.20000001788139343
288	0.34375
289	0.28125
290	0.40625
291	0.25
292	0.3125
293	0.34375
294	0.40625
295	0.28125
296	0.15625
297	0.375
298	0.3125
299	0.15625
300	0.46875
301	0.34375
302	0.40625
303	0.4375
304	0.40625
305	0.5
306	0.59375
307	0.46875
308	0.40625
309	0.40625
310	0.375
311	0.53125
312	0.34375
313	0.5
314	0.4375
315	0.4375
316	0.4375
317	0.34375
318	0.46875
319	0.375
320	0.34375
321	0.25
322	0.3125
323	0.375
324	0.21875
325	0.25
326	0.28125
327	0.3125
328	0.375
329	0.1875
330	0.125
331	0.3125
332	0.40625
333	0.28125
334	0.25
335	0.28125
336	0.3125
337	0.34375
338	0.3125
339	0.46875
340	0.4375
341	0.25
342	0.1875
343	0.3125
344	0.4375
345	0.3125
346	0.40625
347	0.4375
348	0.40625
349	0.4375
350	0.28125
351	0.34375
352	0.375
353	0.28125
354	0.53125
355	0.46875
356	0.34375
357	0.28125
358	0.4375
359	0.2666666805744171
360	0.40625
361	0.21875
362	0.25
363	0.40625
364	0.28125
365	0.3125
366	0.375
367	0.5
368	0.46875
369	0.3125
370	0.59375
371	0.40625
372	0.4375
373	0.46875
374	0.40625
375	0.4375
376	0.53125
377	0.46875
378	0.46875
379	0.46875
380	0.3125
381	0.375
382	0.53125
383	0.375
384	0.53125
385	0.40625
386	0.46875
387	0.28125
388	0.5
389	0.28125
390	0.34375
391	0.5
392	0.46875
393	0.46875
394	0.40625
395	0.34375
396	0.40625
397	0.46875
398	0.5
399	0.40625
400	0.375
401	0.3125
402	0.5
403	0.40625
404	0.4375
405	0.375
406	0.3125
407	0.375
408	0.46875
409	0.28125
410	0.46875
411	0.46875
412	0.4375
413	0.40625
414	0.53125
415	0.40625
416	0.46875
417	0.25
418	0.34375
419	0.5
420	0.625
421	0.3125
422	0.25
423	0.3125
424	0.25
425	0.375
426	0.5
427	0.375
428	0.375
429	0.375
430	0.4375
431	0.2666666805744171
432	0.34375
433	0.3125
434	0.375
435	0.4375
436	0.25
437	0.375
438	0.25
439	0.4375
440	0.5
441	0.40625
442	0.34375
443	0.375
444	0.3125
445	0.34375
446	0.5
447	0.46875
448	0.4375
449	0.3125
450	0.4375
451	0.46875
452	0.5
453	0.40625
454	0.46875
455	0.34375
456	0.53125
457	0.28125
458	0.40625
459	0.34375
460	0.34375
461	0.28125
462	0.375
463	0.40625
464	0.46875
465	0.46875
466	0.34375
467	0.53125
468	0.46875
469	0.46875
470	0.46875
471	0.46875
472	0.46875
473	0.3125
474	0.28125
475	0.4375
476	0.5
477	0.5
478	0.34375
479	0.40625
480	0.375
481	0.28125
482	0.4375
483	0.46875
484	0.46875
485	0.34375
486	0.46875
487	0.4375
488	0.25
489	0.46875
490	0.5
491	0.40625
492	0.375
493	0.4375
494	0.34375
495	0.40625
496	0.4375
497	0.5625
498	0.375
499	0.53125
500	0.5
501	0.53125
502	0.5
503	0.7333333492279053
504	0.28125
505	0.34375
506	0.375
507	0.375
508	0.28125
509	0.5
510	0.5625
511	0.4375
512	0.375
513	0.53125
514	0.5
515	0.46875
516	0.5
517	0.3125
518	0.5625
519	0.53125
520	0.34375
521	0.40625
522	0.40625
523	0.5
524	0.5625
525	0.5
526	0.5
527	0.53125
528	0.4375
529	0.46875
530	0.40625
531	0.65625
532	0.34375
533	0.4375
534	0.375
535	0.5
536	0.53125
537	0.46875
538	0.5
539	0.46875
540	0.53125
541	0.4375
542	0.40625
543	0.53125
544	0.5625
545	0.46875
546	0.46875
547	0.375
548	0.34375
549	0.625
550	0.3125
551	0.40625
552	0.53125
553	0.375
554	0.34375
555	0.5625
556	0.4375
557	0.5
558	0.53125
559	0.53125
560	0.3125
561	0.375
562	0.5
563	0.53125
564	0.4375
565	0.375
566	0.40625
567	0.53125
568	0.40625
569	0.375
570	0.46875
571	0.4375
572	0.5
573	0.25
574	0.46875
575	0.2666666805744171
576	0.4375
577	0.375
578	0.40625
579	0.46875
580	0.5
581	0.46875
582	0.5625
583	0.59375
584	0.40625
585	0.59375
586	0.4375
587	0.5
588	0.375
589	0.53125
590	0.375
591	0.40625
592	0.5625
593	0.34375
594	0.40625
595	0.46875
596	0.40625
597	0.53125
598	0.4375
599	0.4375
600	0.3125
601	0.5
602	0.53125
603	0.625
604	0.5625
605	0.53125
606	0.59375
607	0.34375
608	0.53125
609	0.71875
610	0.53125
611	0.5
612	0.6875
613	0.75
614	0.4375
615	0.5625
616	0.65625
617	0.53125
618	0.53125
619	0.5
620	0.5
621	0.375
622	0.375
623	0.40625
624	0.5
625	0.5
626	0.21875
627	0.46875
628	0.46875
629	0.4375
630	0.40625
631	0.53125
632	0.59375
633	0.5
634	0.53125
635	0.5625
636	0.53125
637	0.5
638	0.5
639	0.4375
640	0.625
641	0.5
642	0.4375
643	0.59375
644	0.46875
645	0.40625
646	0.53125
647	0.6000000238418579
648	0.4375
649	0.53125
650	0.4375
651	0.5
652	0.46875
653	0.4375
654	0.5
655	0.34375
656	0.40625
657	0.5
658	0.5
659	0.53125
660	0.40625
661	0.59375
662	0.5
663	0.5625
664	0.5
665	0.65625
666	0.59375
667	0.5625
668	0.46875
669	0.5
670	0.625
671	0.375
672	0.625
673	0.65625
674	0.65625
675	0.6875
676	0.625
677	0.5625
678	0.53125
679	0.625
680	0.4375
681	0.6875
682	0.4375
683	0.59375
684	0.75
685	0.53125
686	0.34375
687	0.59375
688	0.65625
689	0.6875
690	0.5625
691	0.59375
692	0.5625
693	0.53125
694	0.625
695	0.5625
696	0.5
697	0.53125
698	0.6875
699	0.5625
700	0.5625
701	0.6875
702	0.75
703	0.65625
704	0.5
705	0.46875
706	0.5
707	0.59375
708	0.40625
709	0.625
710	0.53125
711	0.5625
712	0.5
713	0.59375
714	0.34375
715	0.6875
716	0.59375
717	0.53125
718	0.5625
719	0.46666669845581055
720	0.5
721	0.59375
722	0.46875
723	0.40625
724	0.625
725	0.53125
726	0.625
727	0.625
728	0.78125
729	0.40625
730	0.46875
731	0.65625
732	0.625
733	0.5625
734	0.53125
735	0.5
736	0.65625
737	0.59375
738	0.5625
739	0.625
740	0.65625
741	0.59375
742	0.5625
743	0.5625
744	0.5625
745	0.59375
746	0.375
747	0.46875
748	0.53125
749	0.4375
750	0.53125
751	0.4375
752	0.5
753	0.53125
754	0.34375
755	0.53125
756	0.59375
757	0.53125
758	0.53125
759	0.53125
760	0.46875
761	0.28125
762	0.6875
763	0.78125
764	0.59375
765	0.5
766	0.46875
767	0.6875
768	0.59375
769	0.5625
770	0.5625
771	0.46875
772	0.5
773	0.5
774	0.6875
775	0.46875
776	0.59375
777	0.46875
778	0.46875
779	0.5
780	0.5
781	0.46875
782	0.46875
783	0.4375
784	0.5
785	0.46875
786	0.65625
787	0.65625
788	0.5625
789	0.5625
790	0.5
791	0.46666669845581055
792	0.53125
793	0.65625
794	0.4375
795	0.5
796	0.4375
797	0.5625
798	0.6875
799	0.5625
800	0.6875
801	0.59375
802	0.625
803	0.5625
804	0.5
805	0.53125
806	0.625
807	0.59375
808	0.5625
809	0.6875
810	0.625
811	0.59375
812	0.59375
813	0.5625
814	0.53125
815	0.59375
816	0.53125
817	0.53125
818	0.5625
819	0.65625
820	0.5625
821	0.53125
822	0.6875
823	0.625
824	0.53125
825	0.53125
826	0.65625
827	0.53125
828	0.59375
829	0.59375
830	0.5
831	0.5625
832	0.625
833	0.625
834	0.59375
835	0.5
836	0.53125
837	0.40625
838	0.75
839	0.5
840	0.71875
841	0.46875
842	0.53125
843	0.4375
844	0.4375
845	0.59375
846	0.75
847	0.5
848	0.5
849	0.5625
850	0.59375
851	0.65625
852	0.5
853	0.5625
854	0.53125
855	0.5
856	0.5625
857	0.53125
858	0.59375
859	0.53125
860	0.5625
861	0.46875
862	0.53125
863	0.5333333611488342
864	0.5
865	0.5625
866	0.46875
867	0.5625
868	0.53125
869	0.65625
870	0.65625
871	0.5625
872	0.78125
873	0.75
874	0.5625
875	0.5
876	0.53125
877	0.5625
878	0.78125
879	0.78125
880	0.59375
881	0.5
882	0.40625
883	0.5625
884	0.625
885	0.71875
886	0.75
887	0.59375
888	0.53125
889	0.71875
890	0.59375
891	0.5625
892	0.5
893	0.625
894	0.625
895	0.375
896	0.53125
897	0.59375
898	0.65625
899	0.625
900	0.53125
901	0.5
902	0.46875
903	0.65625
904	0.5625
905	0.59375
906	0.34375
907	0.6875
908	0.5
909	0.5625
910	0.625
911	0.46875
912	0.5625
913	0.53125
914	0.53125
915	0.71875
916	0.5625
917	0.71875
918	0.53125
919	0.625
920	0.40625
921	0.625
922	0.59375
923	0.5
924	0.84375
925	0.65625
926	0.71875
927	0.625
928	0.5625
929	0.6875
930	0.59375
931	0.6875
932	0.65625
933	0.6875
934	0.5625
935	0.3333333432674408
936	0.46875
937	0.5
938	0.4375
939	0.6875
940	0.5
941	0.53125
942	0.71875
943	0.5625
944	0.625
945	0.65625
946	0.59375
947	0.6875
948	0.53125
949	0.71875
950	0.53125
951	0.5625
952	0.6875
953	0.78125
954	0.65625
955	0.5625
956	0.625
957	0.59375
958	0.65625
959	0.75
960	0.65625
961	0.71875
962	0.625
963	0.53125
964	0.53125
965	0.71875
966	0.71875
967	0.46875
968	0.59375
969	0.6875
970	0.71875
971	0.59375
972	0.6875
973	0.59375
974	0.71875
975	0.78125
976	0.8125
977	0.59375
978	0.6875
979	0.71875
980	0.59375
981	0.59375
982	0.65625
983	0.65625
984	0.59375
985	0.71875
986	0.53125
987	0.625
988	0.71875
989	0.6875
990	0.71875
991	0.6875
992	0.625
993	0.5
994	0.625
995	0.875
996	0.65625
997	0.5625
998	0.75
999	0.6875
1000	0.71875
1001	0.71875
1002	0.6875
1003	0.5
1004	0.4375
1005	0.59375
1006	0.71875
1007	0.8000000715255737
1008	0.59375
1009	0.4375
1010	0.65625
1011	0.46875
1012	0.5
1013	0.65625
1014	0.65625
1015	0.6875
1016	0.90625
1017	0.6875
1018	0.5
1019	0.84375
1020	0.6875
1021	0.75
1022	0.6875
1023	0.65625
1024	0.6875
1025	0.75
1026	0.75
1027	0.84375
1028	0.65625
1029	0.8125
1030	0.6875
1031	0.75
1032	0.625
1033	0.59375
1034	0.78125
1035	0.625
1036	0.78125
1037	0.8125
1038	0.71875
1039	0.71875
1040	0.6875
1041	0.78125
1042	0.71875
1043	0.71875
1044	0.65625
1045	0.65625
1046	0.75
1047	0.78125
1048	0.75
1049	0.65625
1050	0.53125
1051	0.75
1052	0.5625
1053	0.75
1054	0.75
1055	0.75
1056	0.6875
1057	0.71875
1058	0.6875
1059	0.78125
1060	0.75
1061	0.65625
1062	0.8125
1063	0.78125
1064	0.65625
1065	0.75
1066	0.65625
1067	0.71875
1068	0.5625
1069	0.59375
1070	0.625
1071	0.75
1072	0.625
1073	0.71875
1074	0.59375
1075	0.5625
1076	0.625
1077	0.75
1078	0.5
1079	0.6000000238418579
1080	0.59375
1081	0.5
1082	0.53125
1083	0.6875
1084	0.6875
1085	0.78125
1086	0.875
1087	0.625
1088	0.6875
1089	0.65625
1090	0.8125
1091	0.8125
1092	0.625
1093	0.71875
1094	0.6875
1095	0.78125
1096	0.59375
1097	0.78125
1098	0.6875
1099	0.65625
1100	0.84375
1101	0.71875
1102	0.78125
1103	0.65625
1104	0.6875
1105	0.71875
1106	0.625
1107	0.71875
1108	0.78125
1109	0.75
1110	0.65625
1111	0.6875
1112	0.625
1113	0.625
1114	0.75
1115	0.84375
1116	0.75
1117	0.8125
1118	0.75
1119	0.875
1120	0.71875
1121	0.59375
1122	0.8125
1123	0.59375
1124	0.75
1125	0.8125
1126	0.75
1127	0.65625
1128	0.75
1129	0.8125
1130	0.875
1131	0.75
1132	0.78125
1133	0.71875
1134	0.5625
1135	0.625
1136	0.78125
1137	0.78125
1138	0.75
1139	0.71875
1140	0.625
1141	0.8125
1142	0.75
1143	0.8125
1144	0.71875
1145	0.75
1146	0.78125
1147	0.8125
1148	0.625
1149	0.875
1150	0.75
1151	0.5333333611488342
1152	0.71875
1153	0.5625
1154	0.6875
1155	0.71875
1156	0.84375
1157	0.75
1158	0.875
1159	0.78125
1160	0.71875
1161	0.78125
1162	0.75
1163	0.78125
1164	0.8125
1165	0.6875
1166	0.875
1167	0.75
1168	0.90625
1169	0.65625
1170	0.8125
1171	0.75
1172	0.875
1173	0.90625
1174	0.875
1175	0.75
1176	0.8125
1177	0.71875
1178	0.78125
1179	0.65625
1180	0.71875
1181	0.78125
1182	0.8125
1183	0.71875
1184	0.625
1185	0.6875
1186	0.78125
1187	0.71875
1188	0.8125
1189	0.71875
1190	0.78125
1191	0.6875
1192	0.75
1193	0.84375
1194	0.8125
1195	0.75
1196	0.75
1197	0.75
1198	0.8125
1199	0.65625
1200	0.78125
1201	0.75
1202	0.65625
1203	0.65625
1204	0.75
1205	0.59375
1206	0.90625
1207	0.65625
1208	0.53125
1209	0.6875
1210	0.75
1211	0.75
1212	0.71875
1213	0.59375
1214	0.78125
1215	0.8125
1216	0.71875
1217	0.6875
1218	0.75
1219	0.65625
1220	0.71875
1221	0.75
1222	0.78125
1223	0.8666667342185974
1224	0.78125
1225	0.8125
1226	0.75
1227	0.65625
1228	0.65625
1229	0.71875
1230	0.625
1231	0.84375
1232	0.90625
1233	0.78125
1234	0.8125
1235	0.78125
1236	0.8125
1237	0.8125
1238	0.8125
1239	0.78125
1240	0.9375
1241	0.84375
1242	0.78125
1243	0.75
1244	0.84375
1245	0.875
1246	0.90625
1247	0.78125
1248	0.90625
1249	0.75
1250	0.71875
1251	0.8125
1252	0.78125
1253	0.875
1254	0.6875
1255	0.9375
1256	0.75
1257	0.875
1258	0.78125
1259	0.75
1260	0.90625
1261	0.8125
1262	0.875
1263	0.84375
1264	0.75
1265	0.84375
1266	0.90625
1267	0.75
1268	0.75
1269	0.90625
1270	0.71875
1271	0.75
1272	0.8125
1273	0.84375
1274	0.6875
1275	0.65625
1276	0.78125
1277	0.78125
1278	0.90625
1279	0.8125
1280	0.75
1281	0.75
1282	0.84375
1283	0.90625
1284	0.8125
1285	0.78125
1286	0.78125
1287	0.625
1288	0.8125
1289	0.84375
1290	0.75
1291	0.6875
1292	0.875
1293	0.875
1294	0.84375
1295	0.7333333492279053
1296	0.9375
1297	0.78125
1298	0.78125
1299	0.78125
1300	0.8125
1301	0.65625
1302	0.8125
1303	0.71875
1304	0.6875
1305	0.875
1306	0.65625
1307	0.6875
1308	0.78125
1309	0.78125
1310	0.71875
1311	0.84375
1312	0.8125
1313	0.78125
1314	0.90625
1315	0.8125
1316	0.78125
1317	0.84375
1318	0.875
1319	0.71875
1320	0.65625
1321	0.84375
1322	0.8125
1323	0.9375
1324	0.90625
1325	0.875
1326	0.90625
1327	0.78125
1328	0.6875
1329	0.8125
1330	0.84375
1331	0.71875
1332	0.875
1333	0.84375
1334	0.6875
1335	0.78125
1336	0.84375
1337	0.875
1338	0.875
1339	0.8125
1340	0.78125
1341	0.78125
1342	0.90625
1343	0.8125
1344	0.75
1345	0.78125
1346	0.71875
1347	0.8125
1348	0.84375
1349	0.8125
1350	0.65625
1351	0.6875
1352	0.6875
1353	0.875
1354	0.875
1355	0.75
1356	0.6875
1357	0.875
1358	0.71875
1359	0.84375
1360	0.90625
1361	0.65625
1362	0.8125
1363	0.84375
1364	0.78125
1365	0.78125
1366	0.8125
1367	0.8666667342185974
1368	0.6875
1369	0.78125
1370	0.84375
1371	0.84375
1372	0.90625
1373	0.9375
1374	0.84375
1375	0.875
1376	0.875
1377	0.71875
1378	0.84375
1379	0.875
1380	0.96875
1381	0.78125
1382	0.8125
1383	0.84375
1384	0.875
1385	0.75
1386	0.8125
1387	0.875
1388	0.8125
1389	0.78125
1390	0.8125
1391	0.875
1392	0.84375
1393	0.8125
1394	0.75
1395	0.8125
1396	0.9375
1397	0.84375
1398	0.875
1399	0.71875
1400	0.8125
1401	0.8125
1402	0.84375
1403	0.78125
1404	0.84375
1405	0.90625
1406	0.875
1407	0.84375
1408	0.84375
1409	0.84375
1410	0.875
1411	0.78125
1412	0.90625
1413	0.9375
1414	0.84375
1415	0.71875
1416	0.9375
1417	0.84375
1418	0.90625
1419	0.75
1420	0.8125
1421	0.84375
1422	0.78125
1423	0.84375
1424	0.875
1425	0.8125
1426	0.875
1427	0.71875
1428	0.875
1429	0.9375
1430	0.75
1431	0.875
1432	0.90625
1433	0.90625
1434	0.90625
1435	0.78125
1436	0.96875
1437	0.75
1438	0.84375
1439	0.8666667342185974
1440	0.875
1441	0.6875
1442	0.8125
1443	0.8125
1444	0.78125
1445	0.8125
1446	0.75
1447	0.71875
1448	0.6875
1449	0.65625
1450	0.8125
1451	0.8125
1452	0.8125
1453	0.84375
1454	0.84375
1455	0.84375
1456	0.71875
1457	0.84375
1458	0.8125
1459	0.78125
1460	0.75
1461	0.96875
1462	0.9375
1463	0.875
1464	0.84375
1465	0.78125
1466	0.875
1467	0.6875
1468	0.78125
1469	0.875
1470	0.78125
1471	0.84375
1472	0.78125
1473	0.90625
1474	0.9375
1475	0.8125
1476	0.84375
1477	0.78125
1478	0.78125
1479	0.84375
1480	0.9375
1481	0.78125
1482	0.84375
1483	0.8125
1484	0.84375
1485	0.8125
1486	0.875
1487	0.8125
1488	0.75
1489	0.71875
1490	0.78125
1491	0.875
1492	0.625
1493	0.8125
1494	0.71875
1495	0.875
1496	0.78125
1497	0.8125
1498	0.84375
1499	0.84375
1500	0.96875
1501	0.8125
1502	0.875
1503	0.78125
1504	0.90625
1505	0.84375
1506	0.8125
1507	0.8125
1508	0.6875
1509	0.78125
1510	0.8125
1511	0.9333333969116211
1512	0.65625
1513	0.78125
1514	0.8125
1515	0.78125
1516	0.84375
1517	0.84375
1518	0.875
1519	0.8125
1520	0.84375
1521	0.84375
1522	0.78125
1523	0.9375
1524	0.84375
1525	0.75
1526	0.9375
1527	0.875
1528	0.9375
1529	0.875
1530	0.9375
1531	0.96875
1532	0.875
1533	0.8125
1534	0.9375
1535	0.9375
1536	0.875
1537	0.875
1538	0.9375
1539	0.875
1540	0.875
1541	0.8125
1542	0.875
1543	0.8125
1544	0.875
1545	0.875
1546	0.90625
1547	0.90625
1548	0.8125
1549	0.875
1550	0.625
1551	0.875
1552	0.90625
1553	0.9375
1554	0.8125
1555	0.84375
1556	0.8125
1557	0.875
1558	0.78125
1559	0.78125
1560	0.84375
1561	0.9375
1562	0.8125
1563	0.9375
1564	0.875
1565	0.90625
1566	0.875
1567	0.8125
1568	0.9375
1569	0.875
1570	0.90625
1571	0.8125
1572	0.875
1573	0.9375
1574	0.8125
1575	0.875
1576	0.96875
1577	0.90625
1578	0.875
1579	0.78125
1580	0.875
1581	0.78125
1582	0.84375
1583	1.0
1584	0.9375
1585	0.9375
1586	0.90625
1587	0.9375
1588	0.75
1589	0.9375
1590	0.9375
1591	0.84375
1592	0.96875
1593	0.9375
1594	0.96875
1595	0.875
1596	0.9375
1597	0.9375
1598	0.9375
1599	0.875
1600	1.0
1601	0.90625
1602	0.96875
1603	0.90625
1604	0.9375
1605	0.84375
1606	0.875
1607	1.0
1608	0.90625
1609	0.96875
1610	0.90625
1611	0.96875
1612	0.9375
1613	0.9375
1614	0.9375
1615	0.96875
1616	0.9375
1617	0.90625
1618	0.9375
1619	0.90625
1620	0.90625
1621	0.9375
1622	0.9375
1623	0.875
1624	0.96875
1625	0.90625
1626	0.96875
1627	0.9375
1628	0.9375
1629	1.0
1630	0.90625
1631	0.8125
1632	0.96875
1633	0.90625
1634	0.84375
1635	0.9375
1636	0.875
1637	0.9375
1638	1.0
1639	0.9375
1640	0.96875
1641	0.8125
1642	0.90625
1643	0.9375
1644	0.9375
1645	1.0
1646	0.9375
1647	0.90625
1648	0.84375
1649	0.9375
1650	0.90625
1651	0.875
1652	0.96875
1653	0.96875
1654	0.875
1655	0.9333333969116211
1656	0.90625
1657	0.96875
1658	0.9375
1659	0.84375
1660	0.9375
1661	0.84375
1662	0.875
1663	0.96875
1664	0.96875
1665	0.96875
1666	0.9375
1667	0.96875
1668	0.9375
1669	0.9375
1670	0.84375
1671	0.90625
1672	0.8125
1673	0.96875
1674	1.0
1675	1.0
1676	1.0
1677	0.9375
1678	0.90625
1679	0.90625
1680	0.9375
1681	0.9375
1682	0.90625
1683	0.96875
1684	0.9375
1685	1.0
1686	0.96875
1687	0.9375
1688	0.84375
1689	0.96875
1690	1.0
1691	0.96875
1692	0.90625
1693	0.75
1694	0.90625
1695	0.9375
1696	0.9375
1697	0.9375
1698	0.84375
1699	0.90625
1700	0.90625
1701	0.8125
1702	0.96875
1703	0.9375
1704	0.875
1705	0.9375
1706	0.9375
1707	0.9375
1708	0.9375
1709	0.96875
1710	0.90625
1711	0.9375
1712	0.9375
1713	0.9375
1714	0.90625
1715	0.9375
1716	0.875
1717	0.875
1718	0.90625
1719	0.90625
1720	0.90625
1721	0.8125
1722	0.96875
1723	0.875
1724	0.875
1725	0.90625
1726	0.9375
1727	0.8666667342185974
1728	0.875
1729	0.90625
1730	0.71875
1731	0.90625
1732	0.9375
1733	0.9375
1734	0.90625
1735	0.875
1736	0.875
1737	0.96875
1738	0.90625
1739	0.9375
1740	0.90625
1741	0.96875
1742	0.90625
1743	0.9375
1744	1.0
1745	0.9375
1746	0.84375
1747	0.90625
1748	0.78125
1749	0.90625
1750	0.9375
1751	0.96875
1752	0.96875
1753	0.84375
1754	0.78125
1755	0.84375
1756	0.9375
1757	0.90625
1758	0.9375
1759	0.90625
1760	0.90625
1761	0.8125
1762	1.0
1763	0.96875
1764	0.90625
1765	0.96875
1766	0.90625
1767	0.9375
1768	0.9375
1769	0.875
1770	0.9375
1771	0.84375
1772	0.8125
1773	0.875
1774	0.9375
1775	0.90625
1776	0.9375
1777	0.9375
1778	0.84375
1779	0.875
1780	0.90625
1781	0.90625
1782	0.9375
1783	0.90625
1784	0.9375
1785	0.9375
1786	0.90625
1787	1.0
1788	0.9375
1789	0.90625
1790	0.96875
1791	0.84375
1792	0.84375
1793	0.9375
1794	0.78125
1795	0.9375
1796	0.875
1797	0.9375
1798	0.9375
1799	0.8666667342185974
1800	0.875
1801	0.9375
1802	0.84375
1803	0.84375
1804	0.78125
1805	0.90625
1806	0.9375
1807	0.96875
1808	0.9375
1809	0.875
1810	0.9375
1811	0.9375
1812	0.8125
1813	0.96875
1814	0.96875
1815	0.84375
1816	0.90625
1817	0.96875
1818	0.96875
1819	0.9375
1820	0.84375
1821	0.9375
1822	0.96875
1823	0.9375
1824	0.9375
1825	0.96875
1826	1.0
1827	1.0
1828	0.96875
1829	0.96875
1830	1.0
1831	0.90625
1832	0.96875
1833	0.96875
1834	0.9375
1835	0.96875
1836	0.96875
1837	0.90625
1838	0.9375
1839	0.9375
1840	0.9375
1841	0.96875
1842	0.90625
1843	1.0
1844	0.96875
1845	0.9375
1846	0.8125
1847	0.9375
1848	0.84375
1849	1.0
1850	0.9375
1851	0.9375
1852	0.84375
1853	0.90625
1854	0.9375
1855	0.96875
1856	0.90625
1857	0.9375
1858	0.9375
1859	0.90625
1860	0.90625
1861	0.96875
1862	0.96875
1863	0.9375
1864	0.9375
1865	0.9375
1866	0.875
1867	0.90625
1868	0.90625
1869	1.0
1870	0.96875
1871	0.9333333969116211
1872	0.96875
1873	0.96875
1874	0.90625
1875	0.90625
1876	1.0
1877	0.96875
1878	0.96875
1879	0.96875
1880	0.90625
1881	1.0
1882	0.9375
1883	1.0
1884	0.9375
1885	0.96875
1886	0.96875
1887	0.96875
1888	0.96875
1889	0.96875
1890	1.0
1891	1.0
1892	0.96875
1893	0.9375
1894	0.96875
1895	1.0
1896	1.0
1897	1.0
1898	0.96875
1899	0.90625
1900	0.96875
1901	1.0
1902	0.96875
1903	1.0
1904	1.0
1905	0.9375
1906	1.0
1907	0.9375
1908	0.90625
1909	0.9375
1910	0.96875
1911	1.0
1912	0.90625
1913	0.90625
1914	1.0
1915	0.9375
1916	1.0
1917	1.0
1918	1.0
1919	1.0
1920	1.0
1921	0.96875
1922	1.0
1923	0.9375
1924	0.9375
1925	0.90625
1926	0.875
1927	0.84375
1928	0.9375
1929	0.96875
1930	1.0
1931	0.90625
1932	0.96875
1933	0.875
1934	0.9375
1935	0.96875
1936	1.0
1937	0.96875
1938	0.9375
1939	0.9375
1940	1.0
1941	0.9375
1942	0.90625
1943	0.9333333969116211
1944	0.96875
1945	0.90625
1946	0.96875
1947	0.90625
1948	0.96875
1949	0.9375
1950	0.96875
1951	1.0
1952	0.96875
1953	1.0
1954	0.875
1955	0.96875
1956	0.96875
1957	0.9375
1958	0.96875
1959	1.0
1960	1.0
1961	0.96875
1962	1.0
1963	1.0
1964	0.90625
1965	0.96875
1966	0.96875
1967	1.0
1968	0.96875
1969	1.0
1970	0.96875
1971	1.0
1972	0.9375
1973	1.0
1974	1.0
1975	1.0
1976	0.90625
1977	0.96875
1978	0.96875
1979	1.0
1980	0.96875
1981	0.96875
1982	1.0
1983	1.0
1984	0.96875
1985	0.96875
1986	1.0
1987	0.90625
1988	0.96875
1989	0.875
1990	0.90625
1991	1.0
1992	1.0
1993	0.96875
1994	0.96875
1995	1.0
1996	0.90625
1997	0.96875
1998	1.0
1999	0.9375
2000	0.9375
2001	1.0
2002	1.0
2003	0.90625
2004	0.96875
2005	0.9375
2006	0.90625
2007	0.96875
2008	1.0
2009	1.0
2010	0.875
2011	0.9375
2012	0.96875
2013	1.0
2014	0.9375
2015	1.0
2016	1.0
2017	0.96875
2018	0.96875
2019	1.0
2020	1.0
2021	0.96875
2022	0.9375
2023	1.0
2024	0.96875
2025	1.0
2026	1.0
2027	1.0
2028	0.96875
2029	0.96875
2030	0.96875
2031	1.0
2032	0.96875
2033	0.9375
2034	0.96875
2035	1.0
2036	0.96875
2037	1.0
2038	1.0
2039	1.0
2040	1.0
2041	0.96875
2042	1.0
2043	0.96875
2044	0.96875
2045	0.96875
2046	0.9375
2047	0.96875
2048	0.96875
2049	1.0
2050	1.0
2051	1.0
2052	0.96875
2053	0.9375
2054	0.96875
2055	1.0
2056	0.96875
2057	1.0
2058	1.0
2059	0.96875
2060	0.96875
2061	0.96875
2062	0.96875
2063	0.90625
2064	1.0
2065	1.0
2066	0.96875
2067	1.0
2068	0.96875
2069	1.0
2070	1.0
2071	1.0
2072	1.0
2073	1.0
2074	0.96875
2075	1.0
2076	1.0
2077	1.0
2078	1.0
2079	1.0
2080	1.0
2081	1.0
2082	1.0
2083	1.0
2084	1.0
2085	1.0
2086	1.0
2087	0.9333333969116211
2088	1.0
2089	1.0
2090	1.0
2091	0.96875
2092	1.0
2093	1.0
2094	1.0
2095	1.0
2096	1.0
2097	1.0
2098	1.0
2099	1.0
2100	1.0
2101	1.0
2102	1.0
2103	1.0
2104	1.0
2105	0.96875
2106	1.0
2107	1.0
2108	1.0
2109	1.0
2110	1.0
2111	1.0
2112	1.0
2113	1.0
2114	1.0
2115	1.0
2116	0.96875
2117	1.0
2118	0.96875
2119	0.96875
2120	1.0
2121	1.0
2122	0.96875
2123	0.96875
2124	0.9375
2125	1.0
2126	1.0
2127	1.0
2128	0.90625
2129	1.0
2130	1.0
2131	0.96875
2132	1.0
2133	1.0
2134	1.0
2135	1.0
2136	1.0
2137	1.0
2138	1.0
2139	0.96875
2140	0.96875
2141	1.0
2142	1.0
2143	1.0
2144	1.0
2145	1.0
2146	0.96875
2147	1.0
2148	0.96875
2149	1.0
2150	1.0
2151	1.0
2152	0.96875
2153	1.0
2154	0.96875
2155	1.0
2156	0.96875
2157	0.96875
2158	0.9375
2159	1.0
2160	1.0
2161	1.0
2162	0.96875
2163	0.96875
2164	0.96875
2165	1.0
2166	0.96875
2167	1.0
2168	0.96875
2169	1.0
2170	1.0
2171	1.0
2172	1.0
2173	1.0
2174	1.0
2175	0.96875
2176	0.96875
2177	0.96875
2178	1.0
2179	0.96875
2180	1.0
2181	1.0
2182	0.96875
2183	1.0
2184	0.96875
2185	1.0
2186	1.0
2187	1.0
2188	1.0
2189	1.0
2190	1.0
2191	1.0
2192	0.96875
2193	0.96875
2194	1.0
2195	0.96875
2196	1.0
2197	1.0
2198	1.0
2199	1.0
2200	0.96875
2201	1.0
2202	1.0
2203	1.0
2204	0.96875
2205	1.0
2206	1.0
2207	1.0
2208	1.0
2209	1.0
2210	1.0
2211	1.0
2212	0.96875
2213	1.0
2214	0.96875
2215	0.96875
2216	0.96875
2217	1.0
2218	1.0
2219	1.0
2220	1.0
2221	1.0
2222	1.0
2223	0.96875
2224	0.96875
2225	0.96875
2226	1.0
2227	1.0
2228	1.0
2229	0.9375
2230	1.0
2231	1.0
2232	1.0
2233	1.0
2234	1.0
2235	1.0
2236	1.0
2237	1.0
2238	0.96875
2239	1.0
2240	1.0
2241	1.0
2242	1.0
2243	1.0
2244	0.96875
2245	0.96875
2246	1.0
2247	1.0
2248	0.96875
2249	1.0
2250	1.0
2251	1.0
2252	0.9375
2253	0.96875
2254	1.0
2255	1.0
2256	0.96875
2257	1.0
2258	1.0
2259	1.0
2260	0.96875
2261	1.0
2262	1.0
2263	1.0
2264	1.0
2265	1.0
2266	1.0
2267	0.96875
2268	0.96875
2269	1.0
2270	0.96875
2271	1.0
2272	1.0
2273	0.96875
2274	0.96875
2275	1.0
2276	1.0
2277	1.0
2278	1.0
2279	0.96875
2280	0.96875
2281	0.90625
2282	0.96875
2283	0.9375
2284	0.9375
2285	0.9375
2286	0.96875
2287	0.90625
2288	0.96875
2289	1.0
2290	0.96875
2291	0.90625
2292	1.0
2293	0.9375
2294	1.0
2295	0.96875
2296	1.0
2297	0.96875
2298	0.96875
2299	0.96875
2300	0.96875
2301	1.0
2302	0.96875
2303	1.0
2304	0.96875
2305	0.9375
2306	0.96875
2307	0.9375
2308	1.0
2309	0.875
2310	0.90625
2311	0.9375
2312	0.875
2313	1.0
2314	1.0
2315	1.0
2316	1.0
2317	1.0
2318	1.0
2319	0.9375
2320	0.9375
2321	1.0
2322	0.96875
2323	0.96875
2324	0.90625
2325	0.90625
2326	0.9375
2327	1.0
2328	0.9375
2329	1.0
2330	0.9375
2331	0.90625
2332	1.0
2333	0.96875
2334	0.96875
2335	0.96875
2336	0.96875
2337	0.90625
2338	0.96875
2339	0.9375
2340	1.0
2341	0.875
2342	0.96875
2343	0.9375
2344	0.96875
2345	0.96875
2346	1.0
2347	0.9375
2348	0.9375
2349	0.96875
2350	0.9375
2351	0.875
2352	0.9375
2353	0.875
2354	0.90625
2355	0.96875
2356	0.875
2357	0.9375
2358	0.96875
2359	0.875
2360	0.90625
2361	0.875
2362	0.90625
2363	0.78125
2364	0.875
2365	0.875
2366	0.875
2367	0.84375
2368	0.90625
2369	0.875
2370	0.78125
2371	0.90625
2372	0.875
2373	0.875
2374	0.96875
2375	0.8666667342185974
2376	0.90625
2377	0.875
2378	0.875
2379	0.90625
2380	0.96875
2381	0.9375
2382	1.0
2383	0.9375
2384	0.96875
2385	0.9375
2386	0.84375
2387	0.9375
2388	0.90625
2389	0.90625
2390	0.9375
2391	0.9375
2392	0.9375
2393	0.875
2394	0.9375
2395	0.9375
2396	0.96875
2397	1.0
2398	1.0
2399	1.0
2400	0.90625
2401	0.875
2402	0.875
2403	0.96875
2404	0.96875
2405	0.96875
2406	0.9375
2407	0.90625
2408	0.9375
2409	1.0
2410	0.90625
2411	0.9375
2412	1.0
2413	1.0
2414	1.0
2415	0.9375
2416	0.90625
2417	0.96875
2418	0.9375
2419	0.96875
2420	0.96875
2421	0.96875
2422	0.9375
2423	1.0
2424	0.9375
2425	0.96875
2426	1.0
2427	0.90625
2428	0.96875
2429	0.9375
2430	0.9375
2431	1.0
2432	1.0
2433	1.0
2434	1.0
2435	0.96875
2436	0.96875
2437	1.0
2438	0.96875
2439	0.96875
2440	0.96875
2441	1.0
2442	0.875
2443	0.96875
2444	0.96875
2445	0.90625
2446	0.96875
2447	0.9333333969116211
2448	0.96875
2449	0.96875
2450	1.0
2451	0.9375
2452	0.96875
2453	0.9375
2454	1.0
2455	1.0
2456	0.96875
2457	0.9375
2458	1.0
2459	1.0
2460	0.9375
2461	0.96875
2462	1.0
2463	1.0
2464	0.9375
2465	1.0
2466	1.0
2467	0.96875
2468	0.96875
2469	0.9375
2470	1.0
2471	0.96875
2472	0.96875
2473	1.0
2474	0.90625
2475	0.96875
2476	0.9375
2477	0.96875
2478	0.96875
2479	0.96875
2480	0.96875
2481	1.0
2482	0.96875
2483	0.90625
2484	0.9375
2485	0.96875
2486	0.96875
2487	0.9375
2488	0.96875
2489	0.9375
2490	1.0
2491	0.96875
2492	1.0
2493	0.96875
2494	0.9375
2495	0.90625
2496	0.96875
2497	0.96875
2498	0.96875
2499	0.84375
2500	1.0
2501	0.90625
2502	0.96875
2503	1.0
2504	0.9375
2505	0.9375
2506	0.96875
2507	1.0
2508	0.90625
2509	0.84375
2510	0.96875
2511	0.90625
2512	0.90625
2513	0.9375
2514	0.90625
2515	0.9375
2516	0.90625
2517	0.96875
2518	0.96875
2519	1.0
2520	0.78125
2521	0.9375
2522	0.875
2523	0.96875
2524	0.9375
2525	0.8125
2526	0.90625
2527	0.96875
2528	0.90625
2529	0.96875
2530	1.0
2531	1.0
2532	0.875
2533	0.9375
2534	1.0
2535	0.96875
2536	1.0
2537	0.9375
2538	1.0
2539	1.0
2540	1.0
2541	0.9375
2542	0.96875
2543	1.0
2544	1.0
2545	1.0
2546	1.0
2547	0.90625
2548	0.96875
2549	0.96875
2550	0.96875
2551	0.9375
2552	0.96875
2553	0.96875
2554	0.90625
2555	0.96875
2556	0.875
2557	0.9375
2558	0.96875
2559	0.96875
2560	0.96875
2561	0.96875
2562	1.0
2563	0.96875
2564	0.96875
2565	0.90625
2566	0.9375
2567	0.9375
2568	0.96875
2569	1.0
2570	0.96875
2571	0.96875
2572	0.90625
2573	0.9375
2574	0.9375
2575	1.0
2576	0.9375
2577	0.9375
2578	0.90625
2579	1.0
2580	0.96875
2581	0.90625
2582	0.9375
2583	0.96875
2584	0.96875
2585	0.9375
2586	1.0
2587	0.875
2588	0.9375
2589	0.9375
2590	0.875
2591	0.8666667342185974
2592	0.90625
2593	1.0
2594	0.96875
2595	0.96875
2596	0.90625
2597	1.0
2598	0.96875
2599	0.90625
2600	0.96875
2601	0.9375
2602	1.0
2603	0.90625
2604	1.0
2605	0.90625
2606	0.96875
2607	1.0
2608	1.0
2609	1.0
2610	1.0
2611	1.0
2612	1.0
2613	0.90625
2614	1.0
2615	0.9375
2616	0.96875
2617	0.9375
2618	0.9375
2619	1.0
2620	0.96875
2621	1.0
2622	1.0
2623	1.0
2624	0.9375
2625	0.96875
2626	0.96875
2627	0.96875
2628	0.96875
2629	1.0
2630	0.9375
2631	1.0
2632	0.96875
2633	0.96875
2634	1.0
2635	0.96875
2636	0.96875
2637	0.90625
2638	0.9375
2639	1.0
2640	1.0
2641	1.0
2642	1.0
2643	0.96875
2644	0.96875
2645	1.0
2646	0.9375
2647	0.96875
2648	0.96875
2649	1.0
2650	1.0
2651	1.0
2652	1.0
2653	1.0
2654	0.96875
2655	1.0
2656	0.96875
2657	1.0
2658	0.875
2659	1.0
2660	0.875
2661	1.0
2662	1.0
2663	0.9333333969116211
2664	0.90625
2665	0.9375
2666	0.9375
2667	0.96875
2668	0.90625
2669	0.96875
2670	1.0
2671	1.0
2672	1.0
2673	0.9375
2674	0.96875
2675	1.0
2676	0.96875
2677	1.0
2678	0.96875
2679	0.96875
2680	1.0
2681	0.96875
2682	1.0
2683	0.96875
2684	0.9375
2685	0.96875
2686	1.0
2687	0.96875
2688	0.96875
2689	0.96875
2690	1.0
2691	0.9375
2692	1.0
2693	1.0
2694	1.0
2695	0.96875
2696	1.0
2697	0.9375
2698	1.0
2699	0.96875
2700	1.0
2701	0.96875
2702	1.0
2703	1.0
2704	1.0
2705	1.0
2706	0.96875
2707	1.0
2708	0.96875
2709	0.96875
2710	0.96875
2711	0.9375
2712	0.9375
2713	1.0
2714	0.96875
2715	0.96875
2716	0.96875
2717	1.0
2718	1.0
2719	1.0
2720	1.0
2721	1.0
2722	0.96875
2723	1.0
2724	0.96875
2725	1.0
2726	0.9375
2727	1.0
2728	1.0
2729	1.0
2730	0.96875
2731	1.0
2732	1.0
2733	1.0
2734	1.0
2735	1.0
2736	1.0
2737	1.0
2738	1.0
2739	1.0
2740	1.0
2741	1.0
2742	1.0
2743	0.9375
2744	1.0
2745	0.96875
2746	0.96875
2747	1.0
2748	1.0
2749	1.0
2750	1.0
2751	1.0
2752	1.0
2753	0.96875
2754	1.0
2755	0.96875
2756	1.0
2757	0.96875
2758	0.96875
2759	1.0
2760	0.96875
2761	1.0
2762	1.0
2763	1.0
2764	1.0
2765	1.0
2766	1.0
2767	0.96875
2768	1.0
2769	1.0
2770	1.0
2771	1.0
2772	1.0
2773	1.0
2774	0.96875
2775	1.0
2776	1.0
2777	0.96875
2778	1.0
2779	1.0
2780	1.0
2781	0.96875
2782	1.0
2783	1.0
2784	0.96875
2785	1.0
2786	0.96875
2787	1.0
2788	0.96875
2789	1.0
2790	1.0
2791	1.0
2792	0.96875
2793	1.0
2794	1.0
2795	1.0
2796	1.0
2797	1.0
2798	1.0
2799	1.0
2800	0.96875
2801	1.0
2802	1.0
2803	1.0
2804	1.0
2805	0.96875
2806	0.96875
2807	1.0
2808	1.0
2809	0.96875
2810	0.96875
2811	1.0
2812	1.0
2813	1.0
2814	1.0
2815	1.0
2816	1.0
2817	0.9375
2818	0.96875
2819	1.0
2820	1.0
2821	0.96875
2822	1.0
2823	1.0
2824	1.0
2825	0.96875
2826	1.0
2827	1.0
2828	0.96875
2829	1.0
2830	1.0
2831	1.0
2832	0.9375
2833	0.9375
2834	1.0
2835	0.96875
2836	1.0
2837	1.0
2838	1.0
2839	1.0
2840	0.96875
2841	1.0
2842	1.0
2843	0.96875
2844	0.9375
2845	1.0
2846	1.0
2847	1.0
2848	0.96875
2849	1.0
2850	0.96875
2851	1.0
2852	1.0
2853	1.0
2854	1.0
2855	1.0
2856	1.0
2857	1.0
2858	0.96875
2859	1.0
2860	1.0
2861	1.0
2862	1.0
2863	1.0
2864	0.9375
2865	1.0
2866	1.0
2867	1.0
2868	1.0
2869	0.96875
2870	1.0
2871	1.0
2872	1.0
2873	1.0
2874	1.0
2875	0.96875
2876	0.96875
2877	1.0
2878	1.0
2879	1.0
2880	1.0
2881	1.0
2882	0.96875
2883	1.0
2884	1.0
2885	0.96875
2886	1.0
2887	1.0
2888	1.0
2889	1.0
2890	1.0
2891	1.0
2892	1.0
2893	1.0
2894	1.0
2895	1.0
2896	1.0
2897	1.0
2898	1.0
2899	1.0
2900	1.0
2901	0.96875
2902	1.0
2903	1.0
2904	1.0
2905	1.0
2906	1.0
2907	1.0
2908	1.0
2909	1.0
2910	1.0
2911	1.0
2912	1.0
2913	1.0
2914	1.0
2915	1.0
2916	1.0
2917	1.0
2918	1.0
2919	1.0
2920	1.0
2921	1.0
2922	1.0
2923	1.0
2924	1.0
2925	1.0
2926	1.0
2927	1.0
2928	1.0
2929	1.0
2930	1.0
2931	1.0
2932	1.0
2933	1.0
2934	1.0
2935	1.0
2936	1.0
2937	1.0
2938	1.0
2939	1.0
2940	1.0
2941	1.0
2942	1.0
2943	1.0
2944	0.96875
2945	1.0
2946	1.0
2947	1.0
2948	1.0
2949	1.0
2950	1.0
2951	1.0
2952	1.0
2953	1.0
2954	1.0
2955	1.0
2956	1.0
2957	1.0
2958	1.0
2959	1.0
2960	1.0
2961	1.0
2962	1.0
2963	1.0
2964	1.0
2965	1.0
2966	1.0
2967	1.0
2968	1.0
2969	1.0
2970	1.0
2971	1.0
2972	1.0
2973	1.0
2974	1.0
2975	0.96875
2976	1.0
2977	1.0
2978	1.0
2979	1.0
2980	1.0
2981	1.0
2982	1.0
2983	1.0
2984	1.0
2985	1.0
2986	0.9375
2987	1.0
2988	1.0
2989	1.0
2990	1.0
2991	1.0
2992	1.0
2993	0.96875
2994	1.0
2995	1.0
2996	1.0
2997	1.0
2998	1.0
2999	1.0
3000	1.0
3001	1.0
3002	1.0
3003	1.0
3004	1.0
3005	1.0
3006	1.0
3007	1.0
3008	0.96875
3009	1.0
3010	1.0
3011	1.0
3012	1.0
3013	1.0
3014	1.0
3015	1.0
3016	1.0
3017	1.0
3018	1.0
3019	1.0
3020	1.0
3021	1.0
3022	1.0
3023	1.0
3024	1.0
3025	1.0
3026	1.0
3027	1.0
3028	1.0
3029	1.0
3030	1.0
3031	1.0
3032	1.0
3033	1.0
3034	1.0
3035	0.96875
3036	1.0
3037	1.0
3038	1.0
3039	1.0
3040	1.0
3041	1.0
3042	1.0
3043	1.0
3044	1.0
3045	1.0
3046	1.0
3047	1.0
3048	1.0
3049	1.0
3050	1.0
3051	1.0
3052	1.0
3053	1.0
3054	1.0
3055	1.0
3056	1.0
3057	1.0
3058	1.0
3059	1.0
3060	1.0
3061	1.0
3062	1.0
3063	1.0
3064	1.0
3065	1.0
3066	1.0
3067	1.0
3068	1.0
3069	1.0
3070	1.0
3071	1.0
3072	0.9375
3073	1.0
3074	0.96875
3075	1.0
3076	1.0
3077	1.0
3078	1.0
3079	1.0
3080	1.0
3081	0.96875
3082	1.0
3083	0.96875
3084	1.0
3085	1.0
3086	1.0
3087	1.0
3088	1.0
3089	1.0
3090	1.0
3091	1.0
3092	1.0
3093	1.0
3094	1.0
3095	1.0
3096	1.0
3097	1.0
3098	0.96875
3099	1.0
3100	1.0
3101	1.0
3102	1.0
3103	1.0
3104	0.96875
3105	1.0
3106	1.0
3107	1.0
3108	1.0
3109	0.96875
3110	1.0
3111	1.0
3112	1.0
3113	1.0
3114	1.0
3115	1.0
3116	1.0
3117	1.0
3118	1.0
3119	1.0
3120	1.0
3121	1.0
3122	1.0
3123	1.0
3124	1.0
3125	0.96875
3126	1.0
3127	1.0
3128	1.0
3129	1.0
3130	0.96875
3131	1.0
3132	1.0
3133	1.0
3134	1.0
3135	1.0
3136	1.0
3137	1.0
3138	1.0
3139	1.0
3140	1.0
3141	1.0
3142	1.0
3143	1.0
3144	1.0
3145	1.0
3146	1.0
3147	1.0
3148	1.0
3149	1.0
3150	1.0
3151	1.0
3152	1.0
3153	1.0
3154	0.96875
3155	1.0
3156	1.0
3157	1.0
3158	1.0
3159	1.0
3160	1.0
3161	1.0
3162	1.0
3163	1.0
3164	1.0
3165	1.0
3166	1.0
3167	1.0
3168	1.0
3169	1.0
3170	1.0
3171	1.0
3172	1.0
3173	0.96875
3174	1.0
3175	1.0
3176	1.0
3177	1.0
3178	1.0
3179	1.0
3180	1.0
3181	0.96875
3182	1.0
3183	1.0
3184	1.0
3185	1.0
3186	1.0
3187	1.0
3188	1.0
3189	1.0
3190	1.0
3191	1.0
3192	1.0
3193	1.0
3194	1.0
3195	1.0
3196	1.0
3197	1.0
3198	1.0
3199	1.0
3200	1.0
3201	1.0
3202	1.0
3203	1.0
3204	1.0
3205	1.0
3206	1.0
3207	1.0
3208	1.0
3209	1.0
3210	1.0
3211	1.0
3212	1.0
3213	1.0
3214	1.0
3215	1.0
3216	1.0
3217	1.0
3218	1.0
3219	1.0
3220	1.0
3221	1.0
3222	1.0
3223	1.0
3224	1.0
3225	1.0
3226	1.0
3227	1.0
3228	1.0
3229	1.0
3230	1.0
3231	1.0
3232	1.0
3233	1.0
3234	1.0
3235	1.0
3236	1.0
3237	1.0
3238	1.0
3239	1.0
3240	1.0
3241	1.0
3242	1.0
3243	1.0
3244	1.0
3245	1.0
3246	1.0
3247	1.0
3248	1.0
3249	1.0
3250	1.0
3251	1.0
3252	1.0
3253	1.0
3254	1.0
3255	1.0
3256	1.0
3257	1.0
3258	1.0
3259	1.0
3260	1.0
3261	1.0
3262	1.0
3263	1.0
3264	1.0
3265	1.0
3266	1.0
3267	1.0
3268	1.0
3269	1.0
3270	1.0
3271	1.0
3272	1.0
3273	1.0
3274	1.0
3275	1.0
3276	1.0
3277	1.0
3278	1.0
3279	1.0
3280	1.0
3281	1.0
3282	1.0
3283	1.0
3284	1.0
3285	1.0
3286	1.0
3287	1.0
3288	1.0
3289	1.0
3290	1.0
3291	1.0
3292	1.0
3293	1.0
3294	1.0
3295	0.96875
3296	1.0
3297	1.0
3298	1.0
3299	1.0
3300	1.0
3301	1.0
3302	1.0
3303	1.0
3304	1.0
3305	1.0
3306	1.0
3307	1.0
3308	1.0
3309	1.0
3310	1.0
3311	1.0
3312	1.0
3313	1.0
3314	1.0
3315	0.96875
3316	1.0
3317	1.0
3318	1.0
3319	1.0
3320	1.0
3321	1.0
3322	1.0
3323	1.0
3324	1.0
3325	1.0
3326	1.0
3327	1.0
3328	1.0
3329	1.0
3330	1.0
3331	1.0
3332	1.0
3333	1.0
3334	1.0
3335	1.0
3336	1.0
3337	1.0
3338	1.0
3339	1.0
3340	1.0
3341	1.0
3342	1.0
3343	1.0
3344	1.0
3345	1.0
3346	1.0
3347	1.0
3348	1.0
3349	1.0
3350	1.0
3351	1.0
3352	1.0
3353	1.0
3354	1.0
3355	1.0
3356	1.0
3357	1.0
3358	1.0
3359	1.0
3360	1.0
3361	1.0
3362	1.0
3363	1.0
3364	1.0
3365	1.0
3366	1.0
3367	1.0
3368	1.0
3369	1.0
3370	1.0
3371	1.0
3372	1.0
3373	1.0
3374	1.0
3375	1.0
3376	1.0
3377	1.0
3378	1.0
3379	1.0
3380	1.0
3381	1.0
3382	1.0
3383	1.0
3384	1.0
3385	1.0
3386	1.0
3387	1.0
3388	1.0
3389	1.0
3390	1.0
3391	1.0
3392	1.0
3393	1.0
3394	1.0
3395	1.0
3396	1.0
3397	1.0
3398	1.0
3399	1.0
3400	1.0
3401	1.0
3402	1.0
3403	1.0
3404	1.0
3405	1.0
3406	1.0
3407	1.0
3408	1.0
3409	1.0
3410	1.0
3411	1.0
3412	1.0
3413	1.0
3414	1.0
3415	1.0
3416	1.0
3417	1.0
3418	1.0
3419	1.0
3420	1.0
3421	1.0
3422	1.0
3423	1.0
3424	1.0
3425	1.0
3426	1.0
3427	1.0
3428	1.0
3429	1.0
3430	1.0
3431	1.0
3432	1.0
3433	1.0
3434	1.0
3435	0.96875
3436	1.0
3437	1.0
3438	1.0
3439	1.0
3440	1.0
3441	1.0
3442	1.0
3443	1.0
3444	1.0
3445	1.0
3446	1.0
3447	1.0
3448	1.0
3449	1.0
3450	1.0
3451	1.0
3452	1.0
3453	1.0
3454	1.0
3455	1.0
3456	1.0
3457	1.0
3458	1.0
3459	1.0
3460	1.0
3461	1.0
3462	1.0
3463	1.0
3464	1.0
3465	1.0
3466	1.0
3467	1.0
3468	1.0
3469	1.0
3470	1.0
3471	1.0
3472	1.0
3473	1.0
3474	1.0
3475	1.0
3476	1.0
3477	1.0
3478	1.0
3479	1.0
3480	1.0
3481	1.0
3482	1.0
3483	1.0
3484	1.0
3485	1.0
3486	0.96875
3487	1.0
3488	1.0
3489	1.0
3490	1.0
3491	1.0
3492	1.0
3493	1.0
3494	1.0
3495	1.0
3496	1.0
3497	1.0
3498	1.0
3499	1.0
3500	1.0
3501	1.0
3502	1.0
3503	1.0
3504	1.0
3505	1.0
3506	1.0
3507	1.0
3508	1.0
3509	1.0
3510	1.0
3511	1.0
3512	1.0
3513	1.0
3514	1.0
3515	1.0
3516	1.0
3517	1.0
3518	1.0
3519	1.0
3520	1.0
3521	1.0
3522	1.0
3523	1.0
3524	1.0
3525	1.0
3526	1.0
3527	1.0
3528	1.0
3529	1.0
3530	1.0
3531	1.0
3532	1.0
3533	1.0
3534	1.0
3535	1.0
3536	1.0
3537	1.0
3538	1.0
3539	1.0
3540	1.0
3541	1.0
3542	1.0
3543	1.0
3544	1.0
3545	1.0
3546	1.0
3547	1.0
3548	1.0
3549	1.0
3550	1.0
3551	1.0
3552	1.0
3553	1.0
3554	1.0
3555	1.0
3556	1.0
3557	1.0
3558	1.0
3559	1.0
3560	1.0
3561	1.0
3562	1.0
3563	1.0
3564	1.0
3565	0.96875
3566	1.0
3567	1.0
3568	1.0
3569	1.0
3570	1.0
3571	1.0
3572	1.0
3573	1.0
3574	1.0
3575	1.0
3576	1.0
3577	1.0
3578	1.0
3579	1.0
3580	1.0
3581	1.0
3582	1.0
3583	1.0
3584	1.0
3585	1.0
3586	1.0
3587	1.0
3588	1.0
3589	1.0
3590	1.0
3591	1.0
3592	1.0
3593	1.0
3594	1.0
3595	1.0
3596	1.0
3597	1.0
3598	1.0
3599	1.0
3600	1.0
3601	1.0
3602	1.0
3603	1.0
3604	1.0
3605	1.0
3606	1.0
3607	1.0
3608	1.0
3609	1.0
3610	1.0
3611	1.0
3612	1.0
3613	1.0
3614	1.0
3615	1.0
3616	1.0
3617	1.0
3618	0.96875
3619	1.0
3620	1.0
3621	1.0
3622	1.0
3623	1.0
3624	1.0
3625	1.0
3626	1.0
3627	1.0
3628	1.0
3629	1.0
3630	1.0
3631	1.0
3632	1.0
3633	1.0
3634	1.0
3635	1.0
3636	1.0
3637	1.0
3638	1.0
3639	1.0
3640	1.0
3641	1.0
3642	1.0
3643	1.0
3644	1.0
3645	1.0
3646	1.0
3647	1.0
3648	1.0
3649	1.0
3650	1.0
3651	1.0
3652	1.0
3653	1.0
3654	1.0
3655	1.0
3656	1.0
3657	1.0
3658	1.0
3659	1.0
3660	1.0
3661	1.0
3662	1.0
3663	1.0
3664	1.0
3665	1.0
3666	1.0
3667	1.0
3668	1.0
3669	1.0
3670	1.0
3671	1.0
3672	1.0
3673	1.0
3674	1.0
3675	1.0
3676	1.0
3677	1.0
3678	1.0
3679	1.0
3680	1.0
3681	1.0
3682	1.0
3683	1.0
3684	1.0
3685	1.0
3686	1.0
3687	1.0
3688	1.0
3689	1.0
3690	1.0
3691	1.0
3692	1.0
3693	1.0
3694	1.0
3695	1.0
3696	1.0
3697	1.0
3698	1.0
3699	1.0
3700	1.0
3701	1.0
3702	1.0
3703	1.0
3704	1.0
3705	1.0
3706	1.0
3707	1.0
3708	1.0
3709	1.0
3710	1.0
3711	1.0
3712	1.0
3713	1.0
3714	1.0
3715	1.0
3716	1.0
3717	1.0
3718	1.0
3719	1.0
3720	1.0
3721	1.0
3722	1.0
3723	1.0
3724	1.0
3725	1.0
3726	1.0
3727	1.0
3728	1.0
3729	1.0
3730	0.96875
3731	1.0
3732	1.0
3733	1.0
3734	1.0
3735	1.0
3736	1.0
3737	1.0
3738	1.0
3739	1.0
3740	1.0
3741	1.0
3742	1.0
3743	1.0
3744	1.0
3745	1.0
3746	1.0
3747	1.0
3748	1.0
3749	1.0
3750	1.0
3751	1.0
3752	1.0
3753	1.0
3754	1.0
3755	1.0
3756	1.0
3757	1.0
3758	1.0
3759	1.0
3760	1.0
3761	1.0
3762	1.0
3763	1.0
3764	1.0
3765	1.0
3766	1.0
3767	1.0
3768	1.0
3769	1.0
3770	1.0
3771	1.0
3772	1.0
3773	1.0
3774	1.0
3775	1.0
3776	1.0
3777	1.0
3778	1.0
3779	1.0
3780	1.0
3781	1.0
3782	1.0
3783	1.0
3784	1.0
3785	1.0
3786	1.0
3787	1.0
3788	1.0
3789	1.0
3790	1.0
3791	1.0
3792	1.0
3793	1.0
3794	1.0
3795	1.0
3796	1.0
3797	1.0
3798	0.96875
3799	1.0
3800	1.0
3801	1.0
3802	1.0
3803	1.0
3804	1.0
3805	1.0
3806	1.0
3807	1.0
3808	1.0
3809	1.0
3810	1.0
3811	1.0
3812	1.0
3813	1.0
3814	1.0
3815	1.0
3816	1.0
3817	1.0
3818	1.0
3819	1.0
3820	1.0
3821	1.0
3822	1.0
3823	1.0
3824	1.0
3825	1.0
3826	1.0
3827	1.0
3828	1.0
3829	1.0
3830	1.0
3831	1.0
3832	1.0
3833	1.0
3834	1.0
3835	1.0
3836	1.0
3837	1.0
3838	1.0
3839	1.0
3840	1.0
3841	1.0
3842	1.0
3843	1.0
3844	1.0
3845	1.0
3846	1.0
3847	1.0
3848	1.0
3849	1.0
3850	1.0
3851	1.0
3852	1.0
3853	0.96875
3854	1.0
3855	1.0
3856	1.0
3857	1.0
3858	1.0
3859	1.0
3860	1.0
3861	1.0
3862	1.0
3863	1.0
3864	1.0
3865	1.0
3866	1.0
3867	1.0
3868	1.0
3869	1.0
3870	1.0
3871	1.0
3872	1.0
3873	1.0
3874	1.0
3875	1.0
3876	1.0
3877	1.0
3878	1.0
3879	1.0
3880	1.0
3881	1.0
3882	1.0
3883	1.0
3884	1.0
3885	1.0
3886	1.0
3887	1.0
3888	1.0
3889	1.0
3890	1.0
3891	1.0
3892	1.0
3893	1.0
3894	1.0
3895	1.0
3896	1.0
3897	1.0
3898	1.0
3899	1.0
3900	1.0
3901	1.0
3902	1.0
3903	1.0
3904	1.0
3905	1.0
3906	1.0
3907	1.0
3908	1.0
3909	1.0
3910	1.0
3911	1.0
3912	1.0
3913	1.0
3914	1.0
3915	1.0
3916	1.0
3917	1.0
3918	1.0
3919	1.0
3920	1.0
3921	1.0
3922	1.0
3923	1.0
3924	0.96875
3925	1.0
3926	1.0
3927	1.0
3928	1.0
3929	1.0
3930	1.0
3931	1.0
3932	1.0
3933	1.0
3934	1.0
3935	1.0
3936	1.0
3937	1.0
3938	1.0
3939	1.0
3940	1.0
3941	1.0
3942	1.0
3943	1.0
3944	1.0
3945	1.0
3946	1.0
3947	1.0
3948	1.0
3949	1.0
3950	1.0
3951	1.0
3952	1.0
3953	1.0
3954	1.0
3955	1.0
3956	1.0
3957	1.0
3958	1.0
3959	1.0
3960	1.0
3961	1.0
3962	1.0
3963	1.0
3964	0.96875
3965	1.0
3966	1.0
3967	1.0
3968	1.0
3969	1.0
3970	1.0
3971	1.0
3972	1.0
3973	1.0
3974	1.0
3975	1.0
3976	1.0
3977	1.0
3978	1.0
3979	1.0
3980	1.0
3981	1.0
3982	1.0
3983	1.0
3984	1.0
3985	1.0
3986	1.0
3987	1.0
3988	1.0
3989	1.0
3990	1.0
3991	1.0
3992	1.0
3993	1.0
3994	1.0
3995	1.0
3996	1.0
3997	1.0
3998	1.0
3999	1.0
4000	1.0
4001	1.0
4002	1.0
4003	1.0
4004	1.0
4005	1.0
4006	1.0
4007	1.0
4008	1.0
4009	1.0
4010	1.0
4011	1.0
4012	1.0
4013	1.0
4014	1.0
4015	1.0
4016	1.0
4017	1.0
4018	1.0
4019	1.0
4020	1.0
4021	1.0
4022	1.0
4023	1.0
4024	1.0
4025	1.0
4026	1.0
4027	1.0
4028	1.0
4029	1.0
4030	1.0
4031	1.0
4032	1.0
4033	1.0
4034	1.0
4035	1.0
4036	1.0
4037	1.0
4038	0.96875
4039	1.0
4040	1.0
4041	1.0
4042	1.0
4043	1.0
4044	1.0
4045	1.0
4046	1.0
4047	1.0
4048	1.0
4049	1.0
4050	1.0
4051	1.0
4052	1.0
4053	1.0
4054	1.0
4055	1.0
4056	1.0
4057	1.0
4058	1.0
4059	1.0
4060	1.0
4061	1.0
4062	1.0
4063	1.0
4064	1.0
4065	1.0
4066	1.0
4067	1.0
4068	1.0
4069	1.0
4070	1.0
4071	1.0
4072	1.0
4073	1.0
4074	1.0
4075	1.0
4076	1.0
4077	1.0
4078	1.0
4079	1.0
4080	1.0
4081	1.0
4082	1.0
4083	1.0
4084	1.0
4085	1.0
4086	1.0
4087	1.0
4088	1.0
4089	1.0
4090	1.0
4091	1.0
4092	1.0
4093	1.0
4094	1.0
4095	1.0
4096	1.0
4097	1.0
4098	1.0
4099	1.0
4100	1.0
4101	1.0
4102	1.0
4103	1.0
4104	1.0
4105	1.0
4106	1.0
4107	1.0
4108	0.96875
4109	1.0
4110	1.0
4111	1.0
4112	1.0
4113	1.0
4114	1.0
4115	1.0
4116	1.0
4117	1.0
4118	1.0
4119	1.0
4120	1.0
4121	1.0
4122	1.0
4123	1.0
4124	1.0
4125	1.0
4126	1.0
4127	1.0
4128	1.0
4129	1.0
4130	1.0
4131	1.0
4132	1.0
4133	1.0
4134	1.0
4135	1.0
4136	1.0
4137	1.0
4138	1.0
4139	1.0
4140	1.0
4141	1.0
4142	1.0
4143	1.0
4144	1.0
4145	1.0
4146	1.0
4147	1.0
4148	1.0
4149	1.0
4150	1.0
4151	1.0
4152	1.0
4153	1.0
4154	1.0
4155	1.0
4156	1.0
4157	1.0
4158	1.0
4159	1.0
4160	1.0
4161	1.0
4162	1.0
4163	1.0
4164	1.0
4165	1.0
4166	1.0
4167	1.0
4168	1.0
4169	1.0
4170	1.0
4171	1.0
4172	1.0
4173	1.0
4174	1.0
4175	1.0
4176	1.0
4177	1.0
4178	1.0
4179	1.0
4180	1.0
4181	1.0
4182	1.0
4183	1.0
4184	1.0
4185	1.0
4186	1.0
4187	1.0
4188	1.0
4189	1.0
4190	1.0
4191	1.0
4192	1.0
4193	1.0
4194	1.0
4195	1.0
4196	1.0
4197	1.0
4198	1.0
4199	1.0
4200	1.0
4201	1.0
4202	1.0
4203	1.0
4204	1.0
4205	1.0
4206	1.0
4207	1.0
4208	1.0
4209	1.0
4210	1.0
4211	1.0
4212	1.0
4213	1.0
4214	1.0
4215	1.0
4216	1.0
4217	1.0
4218	0.96875
4219	1.0
4220	1.0
4221	1.0
4222	1.0
4223	1.0
4224	1.0
4225	1.0
4226	1.0
4227	1.0
4228	1.0
4229	1.0
4230	1.0
4231	1.0
4232	1.0
4233	1.0
4234	1.0
4235	1.0
4236	1.0
4237	1.0
4238	1.0
4239	1.0
4240	1.0
4241	1.0
4242	1.0
4243	1.0
4244	1.0
4245	1.0
4246	1.0
4247	1.0
4248	1.0
4249	1.0
4250	1.0
4251	1.0
4252	0.96875
4253	1.0
4254	1.0
4255	1.0
4256	1.0
4257	1.0
4258	1.0
4259	1.0
4260	1.0
4261	1.0
4262	1.0
4263	1.0
4264	1.0
4265	1.0
4266	1.0
4267	1.0
4268	1.0
4269	1.0
4270	1.0
4271	1.0
4272	1.0
4273	1.0
4274	1.0
4275	1.0
4276	1.0
4277	1.0
4278	1.0
4279	1.0
4280	1.0
4281	1.0
4282	1.0
4283	1.0
4284	1.0
4285	1.0
4286	1.0
4287	1.0
4288	1.0
4289	1.0
4290	1.0
4291	1.0
4292	1.0
4293	1.0
4294	1.0
4295	1.0
4296	1.0
4297	1.0
4298	1.0
4299	1.0
4300	1.0
4301	1.0
4302	1.0
4303	1.0
4304	1.0
4305	1.0
4306	1.0
4307	1.0
4308	1.0
4309	1.0
4310	1.0
4311	1.0
4312	1.0
4313	1.0
4314	1.0
4315	1.0
4316	1.0
4317	1.0
4318	1.0
4319	1.0
4320	1.0
4321	1.0
4322	1.0
4323	1.0
4324	1.0
4325	1.0
4326	1.0
4327	1.0
4328	1.0
4329	1.0
4330	1.0
4331	1.0
4332	1.0
4333	1.0
4334	1.0
4335	1.0
4336	1.0
4337	1.0
4338	1.0
4339	1.0
4340	1.0
4341	1.0
4342	1.0
4343	1.0
4344	1.0
4345	1.0
4346	1.0
4347	1.0
4348	1.0
4349	1.0
4350	1.0
4351	1.0
4352	1.0
4353	1.0
4354	1.0
4355	1.0
4356	1.0
4357	1.0
4358	1.0
4359	1.0
4360	1.0
4361	1.0
4362	0.96875
4363	1.0
4364	1.0
4365	1.0
4366	1.0
4367	1.0
4368	1.0
4369	1.0
4370	1.0
4371	1.0
4372	1.0
4373	1.0
4374	1.0
4375	1.0
4376	1.0
4377	1.0
4378	1.0
4379	1.0
4380	1.0
4381	1.0
4382	1.0
4383	1.0
4384	1.0
4385	1.0
4386	1.0
4387	1.0
4388	1.0
4389	1.0
4390	1.0
4391	1.0
4392	1.0
4393	1.0
4394	1.0
4395	0.96875
4396	1.0
4397	1.0
4398	1.0
4399	1.0
4400	1.0
4401	1.0
4402	1.0
4403	1.0
4404	1.0
4405	1.0
4406	1.0
4407	1.0
4408	1.0
4409	1.0
4410	1.0
4411	1.0
4412	1.0
4413	1.0
4414	1.0
4415	1.0
4416	1.0
4417	1.0
4418	1.0
4419	1.0
4420	1.0
4421	1.0
4422	1.0
4423	1.0
4424	1.0
4425	1.0
4426	1.0
4427	1.0
4428	1.0
4429	1.0
4430	1.0
4431	1.0
4432	1.0
4433	1.0
4434	1.0
4435	1.0
4436	1.0
4437	1.0
4438	1.0
4439	1.0
4440	1.0
4441	1.0
4442	1.0
4443	1.0
4444	1.0
4445	1.0
4446	1.0
4447	1.0
4448	1.0
4449	1.0
4450	1.0
4451	1.0
4452	1.0
4453	1.0
4454	1.0
4455	1.0
4456	1.0
4457	1.0
4458	1.0
4459	1.0
4460	1.0
4461	1.0
4462	1.0
4463	1.0
4464	1.0
4465	1.0
4466	1.0
4467	1.0
4468	1.0
4469	1.0
4470	1.0
4471	1.0
4472	1.0
4473	1.0
4474	1.0
4475	1.0
4476	1.0
4477	1.0
4478	1.0
4479	1.0
4480	1.0
4481	1.0
4482	1.0
4483	0.96875
4484	1.0
4485	1.0
4486	1.0
4487	1.0
4488	1.0
4489	1.0
4490	1.0
4491	1.0
4492	1.0
4493	1.0
4494	1.0
4495	1.0
4496	1.0
4497	1.0
4498	1.0
4499	1.0
4500	1.0
4501	1.0
4502	1.0
4503	1.0
4504	1.0
4505	1.0
4506	1.0
4507	1.0
4508	1.0
4509	1.0
4510	1.0
4511	1.0
4512	1.0
4513	1.0
4514	1.0
4515	1.0
4516	1.0
4517	1.0
4518	1.0
4519	1.0
4520	1.0
4521	1.0
4522	1.0
4523	1.0
4524	1.0
4525	1.0
4526	1.0
4527	1.0
4528	1.0
4529	1.0
4530	1.0
4531	1.0
4532	1.0
4533	1.0
4534	1.0
4535	1.0
4536	1.0
4537	1.0
4538	1.0
4539	1.0
4540	1.0
4541	1.0
4542	1.0
4543	1.0
4544	1.0
4545	1.0
4546	1.0
4547	1.0
4548	1.0
4549	1.0
4550	1.0
4551	1.0
4552	1.0
4553	1.0
4554	1.0
4555	1.0
4556	1.0
4557	1.0
4558	1.0
4559	1.0
4560	1.0
4561	1.0
4562	1.0
4563	1.0
4564	1.0
4565	1.0
4566	1.0
4567	1.0
4568	1.0
4569	1.0
4570	1.0
4571	1.0
4572	1.0
4573	1.0
4574	1.0
4575	1.0
4576	1.0
4577	1.0
4578	1.0
4579	1.0
4580	1.0
4581	1.0
4582	1.0
4583	1.0
4584	1.0
4585	1.0
4586	1.0
4587	1.0
4588	1.0
4589	1.0
4590	1.0
4591	1.0
4592	1.0
4593	1.0
4594	0.96875
4595	1.0
4596	1.0
4597	1.0
4598	1.0
4599	1.0
4600	1.0
4601	1.0
4602	1.0
4603	1.0
4604	1.0
4605	1.0
4606	1.0
4607	1.0
4608	1.0
4609	1.0
4610	1.0
4611	1.0
4612	1.0
4613	1.0
4614	1.0
4615	1.0
4616	1.0
4617	1.0
4618	1.0
4619	1.0
4620	1.0
4621	1.0
4622	1.0
4623	1.0
4624	1.0
4625	1.0
4626	1.0
4627	1.0
4628	1.0
4629	1.0
4630	1.0
4631	1.0
4632	1.0
4633	1.0
4634	0.96875
4635	1.0
4636	1.0
4637	1.0
4638	1.0
4639	1.0
4640	1.0
4641	1.0
4642	1.0
4643	1.0
4644	1.0
4645	1.0
4646	1.0
4647	1.0
4648	1.0
4649	1.0
4650	1.0
4651	1.0
4652	1.0
4653	1.0
4654	1.0
4655	1.0
4656	1.0
4657	1.0
4658	1.0
4659	1.0
4660	1.0
4661	1.0
4662	1.0
4663	1.0
4664	1.0
4665	1.0
4666	1.0
4667	1.0
4668	1.0
4669	1.0
4670	1.0
4671	1.0
4672	1.0
4673	1.0
4674	1.0
4675	1.0
4676	1.0
4677	1.0
4678	1.0
4679	1.0
4680	1.0
4681	1.0
4682	1.0
4683	1.0
4684	1.0
4685	1.0
4686	1.0
4687	1.0
4688	1.0
4689	1.0
4690	1.0
4691	1.0
4692	1.0
4693	1.0
4694	1.0
4695	1.0
4696	1.0
4697	1.0
4698	1.0
4699	1.0
4700	1.0
4701	1.0
4702	1.0
4703	1.0
4704	1.0
4705	1.0
4706	1.0
4707	1.0
4708	1.0
4709	1.0
4710	1.0
4711	1.0
4712	1.0
4713	1.0
4714	1.0
4715	1.0
4716	1.0
4717	1.0
4718	1.0
4719	1.0
4720	1.0
4721	1.0
4722	1.0
4723	1.0
4724	1.0
4725	1.0
4726	1.0
4727	1.0
4728	1.0
4729	1.0
4730	1.0
4731	1.0
4732	1.0
4733	1.0
4734	1.0
4735	1.0
4736	1.0
4737	1.0
4738	1.0
4739	1.0
4740	1.0
4741	1.0
4742	1.0
4743	1.0
4744	1.0
4745	0.96875
4746	1.0
4747	1.0
4748	1.0
4749	1.0
4750	1.0
4751	1.0
4752	1.0
4753	1.0
4754	1.0
4755	1.0
4756	1.0
4757	1.0
4758	1.0
4759	1.0
4760	1.0
4761	1.0
4762	1.0
4763	1.0
4764	1.0
4765	1.0
4766	1.0
4767	1.0
4768	1.0
4769	1.0
4770	1.0
4771	1.0
4772	1.0
4773	1.0
4774	1.0
4775	1.0
4776	1.0
4777	1.0
4778	1.0
4779	1.0
4780	1.0
4781	1.0
4782	1.0
4783	1.0
4784	1.0
4785	1.0
4786	1.0
4787	1.0
4788	1.0
4789	1.0
4790	0.96875
4791	1.0
4792	1.0
4793	1.0
4794	1.0
4795	1.0
4796	1.0
4797	1.0
4798	1.0
4799	1.0
4800	1.0
4801	1.0
4802	1.0
4803	1.0
4804	1.0
4805	1.0
4806	1.0
4807	1.0
4808	1.0
4809	1.0
4810	1.0
4811	1.0
4812	1.0
4813	1.0
4814	1.0
4815	1.0
4816	1.0
4817	1.0
4818	1.0
4819	1.0
4820	1.0
4821	1.0
4822	1.0
4823	1.0
4824	1.0
4825	1.0
4826	1.0
4827	1.0
4828	1.0
4829	1.0
4830	1.0
4831	1.0
4832	1.0
4833	1.0
4834	1.0
4835	1.0
4836	1.0
4837	1.0
4838	1.0
4839	1.0
4840	1.0
4841	0.96875
4842	1.0
4843	1.0
4844	1.0
4845	1.0
4846	1.0
4847	1.0
4848	1.0
4849	1.0
4850	1.0
4851	1.0
4852	1.0
4853	1.0
4854	1.0
4855	1.0
4856	1.0
4857	1.0
4858	1.0
4859	1.0
4860	1.0
4861	1.0
4862	1.0
4863	1.0
4864	1.0
4865	1.0
4866	1.0
4867	1.0
4868	1.0
4869	1.0
4870	1.0
4871	1.0
4872	1.0
4873	1.0
4874	1.0
4875	1.0
4876	1.0
4877	1.0
4878	1.0
4879	1.0
4880	1.0
4881	1.0
4882	1.0
4883	1.0
4884	1.0
4885	1.0
4886	1.0
4887	1.0
4888	1.0
4889	1.0
4890	1.0
4891	1.0
4892	1.0
4893	1.0
4894	1.0
4895	1.0
4896	1.0
4897	1.0
4898	1.0
4899	1.0
4900	1.0
4901	1.0
4902	1.0
4903	1.0
4904	1.0
4905	1.0
4906	1.0
4907	1.0
4908	1.0
4909	1.0
4910	1.0
4911	1.0
4912	1.0
4913	1.0
4914	1.0
4915	1.0
4916	1.0
4917	1.0
4918	1.0
4919	1.0
4920	1.0
4921	1.0
4922	1.0
4923	1.0
4924	1.0
4925	1.0
4926	1.0
4927	1.0
4928	1.0
4929	1.0
4930	1.0
4931	1.0
4932	1.0
4933	1.0
4934	1.0
4935	1.0
4936	1.0
4937	1.0
4938	1.0
4939	1.0
4940	1.0
4941	1.0
4942	1.0
4943	1.0
4944	0.96875
4945	1.0
4946	1.0
4947	1.0
4948	1.0
4949	1.0
4950	1.0
4951	1.0
4952	1.0
4953	1.0
4954	1.0
4955	1.0
4956	1.0
4957	1.0
4958	1.0
4959	1.0
4960	1.0
4961	1.0
4962	1.0
4963	1.0
4964	1.0
4965	1.0
4966	1.0
4967	1.0
4968	1.0
4969	1.0
4970	1.0
4971	1.0
4972	1.0
4973	1.0
4974	1.0
4975	1.0
4976	1.0
4977	1.0
4978	1.0
4979	1.0
4980	1.0
4981	1.0
4982	1.0
4983	1.0
4984	1.0
4985	1.0
4986	1.0
4987	1.0
4988	1.0
4989	1.0
4990	1.0
4991	1.0
4992	1.0
4993	1.0
4994	1.0
4995	1.0
4996	0.96875
4997	1.0
4998	1.0
4999	1.0
5000	1.0
5001	1.0
5002	1.0
5003	1.0
5004	1.0
5005	1.0
5006	1.0
5007	1.0
5008	1.0
5009	1.0
5010	1.0
5011	1.0
5012	1.0
5013	1.0
5014	1.0
5015	1.0
5016	1.0
5017	1.0
5018	1.0
5019	1.0
5020	1.0
5021	1.0
5022	1.0
5023	1.0
5024	1.0
5025	1.0
5026	1.0
5027	1.0
5028	1.0
5029	1.0
5030	1.0
5031	1.0
5032	1.0
5033	1.0
5034	1.0
5035	1.0
5036	1.0
5037	1.0
5038	1.0
5039	1.0
5040	1.0
5041	1.0
5042	1.0
5043	1.0
5044	1.0
5045	1.0
5046	1.0
5047	1.0
5048	1.0
5049	1.0
5050	1.0
5051	1.0
5052	1.0
5053	1.0
5054	1.0
5055	1.0
5056	1.0
5057	1.0
5058	1.0
5059	1.0
5060	1.0
5061	1.0
5062	1.0
5063	1.0
5064	0.96875
5065	1.0
5066	1.0
5067	1.0
5068	1.0
5069	1.0
5070	1.0
5071	1.0
5072	1.0
5073	1.0
5074	1.0
5075	1.0
5076	1.0
5077	1.0
5078	1.0
5079	1.0
5080	1.0
5081	1.0
5082	1.0
5083	1.0
5084	1.0
5085	1.0
5086	1.0
5087	1.0
5088	1.0
5089	1.0
5090	1.0
5091	1.0
5092	1.0
5093	1.0
5094	1.0
5095	1.0
5096	1.0
5097	1.0
5098	1.0
5099	1.0
5100	1.0
5101	1.0
5102	1.0
5103	1.0
5104	1.0
5105	1.0
5106	1.0
5107	1.0
5108	1.0
5109	1.0
5110	1.0
5111	1.0
5112	1.0
5113	1.0
5114	1.0
5115	1.0
5116	1.0
5117	0.96875
5118	1.0
5119	1.0
5120	1.0
5121	1.0
5122	1.0
5123	1.0
5124	1.0
5125	1.0
5126	1.0
5127	1.0
5128	1.0
5129	1.0
5130	1.0
5131	1.0
5132	1.0
5133	1.0
5134	1.0
5135	1.0
5136	1.0
5137	1.0
5138	1.0
5139	1.0
5140	1.0
5141	1.0
5142	1.0
5143	1.0
5144	1.0
5145	1.0
5146	1.0
5147	1.0
5148	1.0
5149	1.0
5150	1.0
5151	1.0
5152	1.0
5153	1.0
5154	1.0
5155	1.0
5156	1.0
5157	1.0
5158	1.0
5159	1.0
5160	1.0
5161	1.0
5162	1.0
5163	1.0
5164	1.0
5165	1.0
5166	1.0
5167	1.0
5168	1.0
5169	1.0
5170	1.0
5171	1.0
5172	1.0
5173	1.0
5174	1.0
5175	1.0
5176	1.0
5177	1.0
5178	1.0
5179	1.0
5180	1.0
5181	1.0
5182	1.0
5183	1.0
5184	1.0
5185	1.0
5186	1.0
5187	1.0
5188	1.0
5189	1.0
5190	1.0
5191	1.0
5192	1.0
5193	1.0
5194	1.0
5195	1.0
5196	1.0
5197	1.0
5198	1.0
5199	1.0
5200	1.0
5201	1.0
5202	1.0
5203	1.0
5204	1.0
5205	1.0
5206	1.0
5207	1.0
5208	1.0
5209	1.0
5210	1.0
5211	1.0
5212	1.0
5213	1.0
5214	1.0
5215	1.0
5216	1.0
5217	1.0
5218	1.0
5219	1.0
5220	1.0
5221	1.0
5222	1.0
5223	1.0
5224	1.0
5225	1.0
5226	1.0
5227	1.0
5228	1.0
5229	1.0
5230	1.0
5231	1.0
5232	1.0
5233	1.0
5234	1.0
5235	1.0
5236	0.96875
5237	1.0
5238	1.0
5239	1.0
5240	1.0
5241	1.0
5242	1.0
5243	1.0
5244	1.0
5245	1.0
5246	1.0
5247	1.0
5248	1.0
5249	1.0
5250	1.0
5251	1.0
5252	1.0
5253	1.0
5254	1.0
5255	1.0
5256	1.0
5257	1.0
5258	1.0
5259	1.0
5260	1.0
5261	1.0
5262	1.0
5263	1.0
5264	1.0
5265	1.0
5266	1.0
5267	1.0
5268	1.0
5269	1.0
5270	1.0
5271	1.0
5272	1.0
5273	1.0
5274	1.0
5275	1.0
5276	1.0
5277	1.0
5278	1.0
5279	1.0
5280	1.0
5281	1.0
5282	1.0
5283	1.0
5284	1.0
5285	1.0
5286	1.0
5287	1.0
5288	1.0
5289	1.0
5290	1.0
5291	1.0
5292	1.0
5293	1.0
5294	1.0
5295	1.0
5296	1.0
5297	1.0
5298	1.0
5299	1.0
5300	1.0
5301	1.0
5302	1.0
5303	1.0
5304	1.0
5305	1.0
5306	1.0
5307	1.0
5308	1.0
5309	1.0
5310	1.0
5311	0.96875
5312	1.0
5313	1.0
5314	1.0
5315	1.0
5316	1.0
5317	1.0
5318	1.0
5319	1.0
5320	1.0
5321	1.0
5322	1.0
5323	1.0
5324	1.0
5325	1.0
5326	1.0
5327	1.0
5328	1.0
5329	1.0
5330	1.0
5331	1.0
5332	1.0
5333	1.0
5334	1.0
5335	1.0
5336	1.0
5337	1.0
5338	1.0
5339	1.0
5340	1.0
5341	1.0
5342	1.0
5343	1.0
5344	1.0
5345	1.0
5346	1.0
5347	1.0
5348	1.0
5349	1.0
5350	0.96875
5351	1.0
5352	1.0
5353	1.0
5354	1.0
5355	1.0
5356	1.0
5357	1.0
5358	1.0
5359	1.0
5360	1.0
5361	1.0
5362	1.0
5363	1.0
5364	1.0
5365	1.0
5366	1.0
5367	1.0
5368	1.0
5369	1.0
5370	1.0
5371	1.0
5372	1.0
5373	1.0
5374	1.0
5375	1.0
5376	1.0
5377	1.0
5378	1.0
5379	1.0
5380	1.0
5381	1.0
5382	1.0
5383	1.0
5384	1.0
5385	1.0
5386	1.0
5387	1.0
5388	1.0
5389	1.0
5390	1.0
5391	1.0
5392	1.0
5393	1.0
5394	1.0
5395	1.0
5396	1.0
5397	1.0
5398	1.0
5399	1.0
5400	1.0
5401	1.0
5402	1.0
5403	1.0
5404	1.0
5405	1.0
5406	1.0
5407	1.0
5408	1.0
5409	1.0
5410	1.0
5411	1.0
5412	1.0
5413	1.0
5414	1.0
5415	1.0
5416	1.0
5417	1.0
5418	1.0
5419	1.0
5420	1.0
5421	1.0
5422	1.0
5423	1.0
5424	1.0
5425	1.0
5426	1.0
5427	1.0
5428	1.0
5429	1.0
5430	1.0
5431	1.0
5432	1.0
5433	1.0
5434	1.0
5435	1.0
5436	1.0
5437	1.0
5438	1.0
5439	1.0
5440	1.0
5441	1.0
5442	1.0
5443	1.0
5444	1.0
5445	1.0
5446	1.0
5447	1.0
5448	1.0
5449	1.0
5450	1.0
5451	1.0
5452	1.0
5453	1.0
5454	1.0
5455	1.0
5456	1.0
5457	1.0
5458	1.0
5459	1.0
5460	1.0
5461	1.0
5462	1.0
5463	1.0
5464	1.0
5465	1.0
5466	1.0
5467	0.96875
5468	1.0
5469	1.0
5470	1.0
5471	1.0
5472	1.0
5473	1.0
5474	1.0
5475	1.0
5476	1.0
5477	1.0
5478	1.0
5479	1.0
5480	1.0
5481	1.0
5482	1.0
5483	1.0
5484	1.0
5485	1.0
5486	1.0
5487	1.0
5488	1.0
5489	1.0
5490	1.0
5491	1.0
5492	1.0
5493	0.96875
5494	1.0
5495	1.0
5496	1.0
5497	1.0
5498	1.0
5499	1.0
5500	1.0
5501	1.0
5502	1.0
5503	1.0
5504	1.0
5505	1.0
5506	1.0
5507	1.0
5508	1.0
5509	1.0
5510	1.0
5511	1.0
5512	1.0
5513	1.0
5514	1.0
5515	1.0
5516	1.0
5517	1.0
5518	1.0
5519	1.0
5520	1.0
5521	1.0
5522	1.0
5523	1.0
5524	1.0
5525	1.0
5526	1.0
5527	1.0
5528	1.0
5529	1.0
5530	1.0
5531	1.0
5532	1.0
5533	1.0
5534	1.0
5535	1.0
5536	1.0
5537	1.0
5538	1.0
5539	1.0
5540	1.0
5541	1.0
5542	1.0
5543	1.0
5544	1.0
5545	1.0
5546	1.0
5547	1.0
5548	1.0
5549	1.0
5550	1.0
5551	1.0
5552	1.0
5553	1.0
5554	1.0
5555	1.0
5556	1.0
5557	1.0
5558	1.0
5559	1.0
5560	1.0
5561	1.0
5562	1.0
5563	1.0
5564	1.0
5565	1.0
5566	1.0
5567	1.0
5568	1.0
5569	1.0
5570	1.0
5571	1.0
5572	1.0
5573	0.96875
5574	1.0
5575	1.0
5576	1.0
5577	1.0
5578	1.0
5579	1.0
5580	1.0
5581	1.0
5582	1.0
5583	1.0
5584	1.0
5585	1.0
5586	1.0
5587	1.0
5588	1.0
5589	1.0
5590	1.0
5591	1.0
5592	1.0
5593	1.0
5594	1.0
5595	1.0
5596	1.0
5597	1.0
5598	1.0
5599	1.0
5600	1.0
5601	1.0
5602	1.0
5603	1.0
5604	1.0
5605	1.0
5606	1.0
5607	1.0
5608	1.0
5609	1.0
5610	1.0
5611	1.0
5612	1.0
5613	1.0
5614	1.0
5615	1.0
5616	1.0
5617	1.0
5618	1.0
5619	1.0
5620	1.0
5621	1.0
5622	1.0
5623	1.0
5624	1.0
5625	1.0
5626	1.0
5627	1.0
5628	1.0
5629	1.0
5630	1.0
5631	1.0
5632	1.0
5633	1.0
5634	1.0
5635	1.0
5636	1.0
5637	1.0
5638	1.0
5639	1.0
5640	1.0
5641	1.0
5642	1.0
5643	1.0
5644	1.0
5645	1.0
5646	1.0
5647	1.0
5648	1.0
5649	1.0
5650	1.0
5651	1.0
5652	1.0
5653	1.0
5654	1.0
5655	1.0
5656	1.0
5657	1.0
5658	1.0
5659	1.0
5660	1.0
5661	0.96875
5662	1.0
5663	1.0
5664	1.0
5665	1.0
5666	1.0
5667	1.0
5668	1.0
5669	1.0
5670	1.0
5671	1.0
5672	1.0
5673	1.0
5674	1.0
5675	1.0
5676	1.0
5677	1.0
5678	1.0
5679	1.0
5680	1.0
5681	1.0
5682	1.0
5683	1.0
5684	1.0
5685	1.0
5686	1.0
5687	1.0
5688	1.0
5689	1.0
5690	1.0
5691	1.0
5692	1.0
5693	1.0
5694	1.0
5695	1.0
5696	1.0
5697	1.0
5698	1.0
5699	1.0
5700	1.0
5701	1.0
5702	1.0
5703	1.0
5704	1.0
5705	1.0
5706	1.0
5707	1.0
5708	1.0
5709	1.0
5710	1.0
5711	1.0
5712	1.0
5713	1.0
5714	1.0
5715	1.0
5716	1.0
5717	1.0
5718	1.0
5719	1.0
5720	1.0
5721	1.0
5722	1.0
5723	1.0
5724	1.0
5725	1.0
5726	1.0
5727	1.0
5728	1.0
5729	1.0
5730	1.0
5731	1.0
5732	1.0
5733	1.0
5734	1.0
5735	1.0
5736	1.0
5737	1.0
5738	1.0
5739	1.0
5740	1.0
5741	1.0
5742	1.0
5743	1.0
5744	1.0
5745	1.0
5746	1.0
5747	1.0
5748	1.0
5749	1.0
5750	1.0
5751	1.0
5752	1.0
5753	1.0
5754	1.0
5755	1.0
5756	1.0
5757	0.96875
5758	1.0
5759	1.0
5760	1.0
5761	1.0
5762	1.0
5763	1.0
5764	1.0
5765	1.0
5766	1.0
5767	1.0
5768	1.0
5769	1.0
5770	1.0
5771	1.0
5772	1.0
5773	1.0
5774	1.0
5775	1.0
5776	1.0
5777	1.0
5778	1.0
5779	1.0
5780	1.0
5781	1.0
5782	1.0
5783	1.0
5784	1.0
5785	1.0
5786	1.0
5787	1.0
5788	1.0
5789	1.0
5790	1.0
5791	1.0
5792	1.0
5793	1.0
5794	1.0
5795	1.0
5796	1.0
5797	1.0
5798	1.0
5799	1.0
5800	0.96875
5801	1.0
5802	1.0
5803	1.0
5804	1.0
5805	1.0
5806	1.0
5807	1.0
5808	1.0
5809	1.0
5810	1.0
5811	1.0
5812	1.0
5813	1.0
5814	1.0
5815	1.0
5816	1.0
5817	1.0
5818	1.0
5819	1.0
5820	1.0
5821	1.0
5822	1.0
5823	1.0
5824	1.0
5825	1.0
5826	1.0
5827	1.0
5828	1.0
5829	1.0
5830	1.0
5831	1.0
5832	1.0
5833	1.0
5834	1.0
5835	1.0
5836	1.0
5837	1.0
5838	1.0
5839	1.0
5840	1.0
5841	1.0
5842	1.0
5843	1.0
5844	1.0
5845	1.0
5846	1.0
5847	1.0
5848	1.0
5849	1.0
5850	1.0
5851	1.0
5852	1.0
5853	0.96875
5854	1.0
5855	1.0
5856	1.0
5857	1.0
5858	1.0
5859	1.0
5860	1.0
5861	1.0
5862	1.0
5863	1.0
5864	1.0
5865	1.0
5866	1.0
5867	1.0
5868	1.0
5869	1.0
5870	1.0
5871	1.0
5872	1.0
5873	1.0
5874	1.0
5875	1.0
5876	1.0
5877	1.0
5878	1.0
5879	1.0
5880	1.0
5881	1.0
5882	1.0
5883	1.0
5884	1.0
5885	1.0
5886	1.0
5887	1.0
5888	1.0
5889	1.0
5890	1.0
5891	1.0
5892	1.0
5893	1.0
5894	1.0
5895	1.0
5896	1.0
5897	1.0
5898	1.0
5899	1.0
5900	1.0
5901	1.0
5902	1.0
5903	1.0
5904	1.0
5905	1.0
5906	1.0
5907	1.0
5908	1.0
5909	1.0
5910	1.0
5911	1.0
5912	1.0
5913	1.0
5914	1.0
5915	1.0
5916	1.0
5917	1.0
5918	0.96875
5919	1.0
5920	1.0
5921	1.0
5922	1.0
5923	1.0
5924	1.0
5925	1.0
5926	1.0
5927	1.0
5928	1.0
5929	1.0
5930	1.0
5931	1.0
5932	1.0
5933	1.0
5934	1.0
5935	1.0
5936	1.0
5937	1.0
5938	1.0
5939	1.0
5940	1.0
5941	1.0
5942	1.0
5943	1.0
5944	1.0
5945	1.0
5946	1.0
5947	1.0
5948	1.0
5949	1.0
5950	1.0
5951	1.0
5952	1.0
5953	1.0
5954	1.0
5955	1.0
5956	1.0
5957	1.0
5958	1.0
5959	1.0
5960	1.0
5961	1.0
5962	1.0
5963	1.0
5964	1.0
5965	1.0
5966	1.0
5967	1.0
5968	1.0
5969	1.0
5970	1.0
5971	1.0
5972	1.0
5973	1.0
5974	1.0
5975	1.0
5976	1.0
5977	1.0
5978	1.0
5979	1.0
5980	1.0
5981	1.0
5982	1.0
5983	1.0
5984	1.0
5985	1.0
5986	1.0
5987	1.0
5988	1.0
5989	1.0
5990	1.0
5991	1.0
5992	1.0
5993	1.0
5994	1.0
5995	1.0
5996	1.0
5997	1.0
5998	1.0
5999	1.0
6000	1.0
6001	1.0
6002	1.0
6003	1.0
6004	1.0
6005	1.0
6006	1.0
6007	1.0
6008	1.0
6009	1.0
6010	1.0
6011	1.0
6012	1.0
6013	1.0
6014	1.0
6015	1.0
6016	1.0
6017	1.0
6018	1.0
6019	1.0
6020	1.0
6021	1.0
6022	1.0
6023	1.0
6024	1.0
6025	1.0
6026	1.0
6027	1.0
6028	0.96875
6029	1.0
6030	1.0
6031	1.0
6032	1.0
6033	1.0
6034	1.0
6035	1.0
6036	1.0
6037	1.0
6038	1.0
6039	1.0
6040	1.0
6041	1.0
6042	1.0
6043	1.0
6044	1.0
6045	1.0
6046	1.0
6047	1.0
6048	1.0
6049	1.0
6050	1.0
6051	1.0
6052	1.0
6053	1.0
6054	1.0
6055	1.0
6056	1.0
6057	1.0
6058	1.0
6059	0.96875
6060	1.0
6061	1.0
6062	1.0
6063	1.0
6064	1.0
6065	1.0
6066	1.0
6067	1.0
6068	1.0
6069	1.0
6070	1.0
6071	1.0
6072	1.0
6073	1.0
6074	1.0
6075	1.0
6076	1.0
6077	1.0
6078	1.0
6079	1.0
6080	1.0
6081	1.0
6082	1.0
6083	1.0
6084	1.0
6085	1.0
6086	1.0
6087	1.0
6088	1.0
6089	1.0
6090	1.0
6091	1.0
6092	1.0
6093	1.0
6094	1.0
6095	1.0
6096	1.0
6097	1.0
6098	1.0
6099	1.0
6100	1.0
6101	1.0
6102	1.0
6103	1.0
6104	1.0
6105	1.0
6106	1.0
6107	1.0
6108	1.0
6109	1.0
6110	1.0
6111	1.0
6112	1.0
6113	1.0
6114	1.0
6115	1.0
6116	1.0
6117	1.0
6118	1.0
6119	1.0
6120	1.0
6121	1.0
6122	1.0
6123	1.0
6124	1.0
6125	1.0
6126	1.0
6127	1.0
6128	1.0
6129	1.0
6130	1.0
6131	1.0
6132	1.0
6133	1.0
6134	1.0
6135	1.0
6136	1.0
6137	1.0
6138	1.0
6139	1.0
6140	1.0
6141	1.0
6142	1.0
6143	1.0
6144	1.0
6145	1.0
6146	1.0
6147	1.0
6148	1.0
6149	0.96875
6150	1.0
6151	1.0
6152	1.0
6153	1.0
6154	1.0
6155	1.0
6156	1.0
6157	1.0
6158	1.0
6159	1.0
6160	1.0
6161	1.0
6162	1.0
6163	1.0
6164	1.0
6165	1.0
6166	1.0
6167	1.0
6168	1.0
6169	1.0
6170	1.0
6171	1.0
6172	1.0
6173	1.0
6174	1.0
6175	1.0
6176	1.0
6177	1.0
6178	1.0
6179	1.0
6180	1.0
6181	1.0
6182	1.0
6183	1.0
6184	1.0
6185	1.0
6186	1.0
6187	1.0
6188	1.0
6189	1.0
6190	1.0
6191	1.0
6192	1.0
6193	1.0
6194	1.0
6195	1.0
6196	1.0
6197	1.0
6198	1.0
6199	1.0
6200	1.0
6201	1.0
6202	1.0
6203	1.0
6204	1.0
6205	1.0
6206	1.0
6207	1.0
6208	1.0
6209	1.0
6210	1.0
6211	1.0
6212	1.0
6213	1.0
6214	1.0
6215	1.0
6216	1.0
6217	1.0
6218	1.0
6219	1.0
6220	1.0
6221	1.0
6222	1.0
6223	1.0
6224	1.0
6225	1.0
6226	1.0
6227	1.0
6228	1.0
6229	1.0
6230	1.0
6231	1.0
6232	1.0
6233	1.0
6234	1.0
6235	1.0
6236	1.0
6237	1.0
6238	1.0
6239	1.0
6240	1.0
6241	1.0
6242	1.0
6243	1.0
6244	1.0
6245	1.0
6246	1.0
6247	1.0
6248	1.0
6249	1.0
6250	1.0
6251	1.0
6252	1.0
6253	1.0
6254	1.0
6255	1.0
6256	0.96875
6257	1.0
6258	1.0
6259	1.0
6260	1.0
6261	1.0
6262	1.0
6263	1.0
6264	1.0
6265	1.0
6266	1.0
6267	1.0
6268	1.0
6269	1.0
6270	1.0
6271	1.0
6272	1.0
6273	1.0
6274	1.0
6275	1.0
6276	1.0
6277	1.0
6278	0.96875
6279	1.0
6280	1.0
6281	1.0
6282	1.0
6283	1.0
6284	1.0
6285	1.0
6286	1.0
6287	1.0
6288	1.0
6289	1.0
6290	1.0
6291	1.0
6292	1.0
6293	1.0
6294	1.0
6295	1.0
6296	1.0
6297	1.0
6298	1.0
6299	1.0
6300	1.0
6301	1.0
6302	1.0
6303	1.0
6304	1.0
6305	1.0
6306	1.0
6307	1.0
6308	1.0
6309	1.0
6310	1.0
6311	1.0
6312	1.0
6313	1.0
6314	1.0
6315	1.0
6316	1.0
6317	1.0
6318	1.0
6319	1.0
6320	1.0
6321	1.0
6322	1.0
6323	1.0
6324	1.0
6325	1.0
6326	1.0
6327	1.0
6328	1.0
6329	1.0
6330	1.0
6331	1.0
6332	1.0
6333	1.0
6334	1.0
6335	1.0
6336	1.0
6337	1.0
6338	1.0
6339	1.0
6340	1.0
6341	1.0
6342	1.0
6343	1.0
6344	1.0
6345	1.0
6346	1.0
6347	1.0
6348	1.0
6349	1.0
6350	1.0
6351	1.0
6352	1.0
6353	1.0
6354	1.0
6355	1.0
6356	1.0
6357	0.96875
6358	1.0
6359	1.0
6360	1.0
6361	1.0
6362	1.0
6363	1.0
6364	1.0
6365	1.0
6366	1.0
6367	1.0
6368	1.0
6369	1.0
6370	1.0
6371	1.0
6372	1.0
6373	1.0
6374	1.0
6375	1.0
6376	1.0
6377	1.0
6378	1.0
6379	1.0
6380	1.0
6381	1.0
6382	1.0
6383	1.0
6384	1.0
6385	1.0
6386	1.0
6387	1.0
6388	1.0
6389	1.0
6390	1.0
6391	1.0
6392	1.0
6393	1.0
6394	1.0
6395	1.0
6396	1.0
6397	1.0
6398	1.0
6399	1.0
6400	1.0
6401	1.0
6402	1.0
6403	1.0
6404	1.0
6405	1.0
6406	1.0
6407	1.0
6408	1.0
6409	1.0
6410	1.0
6411	1.0
6412	0.96875
6413	1.0
6414	1.0
6415	1.0
6416	1.0
6417	1.0
6418	1.0
6419	1.0
6420	1.0
6421	1.0
6422	1.0
6423	1.0
6424	1.0
6425	1.0
6426	1.0
6427	1.0
6428	1.0
6429	1.0
6430	1.0
6431	1.0
6432	1.0
6433	1.0
6434	1.0
6435	1.0
6436	1.0
6437	1.0
6438	1.0
6439	1.0
6440	1.0
6441	1.0
6442	1.0
6443	1.0
6444	1.0
6445	1.0
6446	1.0
6447	1.0
6448	1.0
6449	1.0
6450	1.0
6451	1.0
6452	1.0
6453	1.0
6454	1.0
6455	1.0
6456	1.0
6457	1.0
6458	1.0
6459	1.0
6460	1.0
6461	1.0
6462	1.0
6463	1.0
6464	1.0
6465	1.0
6466	1.0
6467	1.0
6468	1.0
6469	1.0
6470	1.0
6471	1.0
6472	1.0
6473	1.0
6474	1.0
6475	1.0
6476	1.0
6477	1.0
6478	1.0
6479	1.0
6480	1.0
6481	0.96875
6482	1.0
6483	1.0
6484	1.0
6485	1.0
6486	1.0
6487	1.0
6488	1.0
6489	1.0
6490	1.0
6491	1.0
6492	1.0
6493	1.0
6494	1.0
6495	1.0
6496	1.0
6497	1.0
6498	1.0
6499	1.0
6500	1.0
6501	1.0
6502	1.0
6503	1.0
6504	1.0
6505	1.0
6506	1.0
6507	1.0
6508	1.0
6509	1.0
6510	1.0
6511	1.0
6512	1.0
6513	1.0
6514	1.0
6515	1.0
6516	1.0
6517	1.0
6518	1.0
6519	1.0
6520	1.0
6521	1.0
6522	1.0
6523	1.0
6524	1.0
6525	1.0
6526	1.0
6527	1.0
6528	1.0
6529	1.0
6530	1.0
6531	1.0
6532	1.0
6533	1.0
6534	1.0
6535	1.0
6536	1.0
6537	1.0
6538	1.0
6539	1.0
6540	1.0
6541	1.0
6542	1.0
6543	1.0
6544	1.0
6545	1.0
6546	1.0
6547	1.0
6548	1.0
6549	1.0
6550	1.0
6551	1.0
6552	1.0
6553	1.0
6554	1.0
6555	1.0
6556	1.0
6557	1.0
6558	1.0
6559	1.0
6560	1.0
6561	1.0
6562	1.0
6563	1.0
6564	1.0
6565	1.0
6566	1.0
6567	1.0
6568	1.0
6569	1.0
6570	1.0
6571	0.96875
6572	1.0
6573	1.0
6574	1.0
6575	1.0
6576	1.0
6577	1.0
6578	1.0
6579	1.0
6580	1.0
6581	1.0
6582	1.0
6583	1.0
6584	1.0
6585	1.0
6586	1.0
6587	1.0
6588	1.0
6589	1.0
6590	1.0
6591	1.0
6592	1.0
6593	1.0
6594	1.0
6595	1.0
6596	1.0
6597	1.0
6598	1.0
6599	1.0
6600	1.0
6601	1.0
6602	1.0
6603	1.0
6604	1.0
6605	1.0
6606	1.0
6607	1.0
6608	1.0
6609	1.0
6610	1.0
6611	1.0
6612	1.0
6613	1.0
6614	1.0
6615	1.0
6616	1.0
6617	1.0
6618	1.0
6619	1.0
6620	1.0
6621	1.0
6622	1.0
6623	1.0
6624	1.0
6625	1.0
6626	0.96875
6627	1.0
6628	1.0
6629	1.0
6630	1.0
6631	1.0
6632	1.0
6633	1.0
6634	1.0
6635	1.0
6636	1.0
6637	1.0
6638	1.0
6639	1.0
6640	1.0
6641	1.0
6642	1.0
6643	1.0
6644	1.0
6645	1.0
6646	1.0
6647	1.0
6648	1.0
6649	1.0
6650	1.0
6651	1.0
6652	1.0
6653	1.0
6654	1.0
6655	1.0
6656	1.0
6657	1.0
6658	1.0
6659	1.0
6660	1.0
6661	1.0
6662	1.0
6663	1.0
6664	1.0
6665	1.0
6666	1.0
6667	1.0
6668	1.0
6669	1.0
6670	1.0
6671	1.0
6672	1.0
6673	1.0
6674	1.0
6675	1.0
6676	1.0
6677	1.0
6678	1.0
6679	1.0
6680	1.0
6681	1.0
6682	1.0
6683	1.0
6684	1.0
6685	1.0
6686	1.0
6687	1.0
6688	1.0
6689	1.0
6690	1.0
6691	1.0
6692	1.0
6693	1.0
6694	1.0
6695	1.0
6696	1.0
6697	1.0
6698	1.0
6699	1.0
6700	1.0
6701	1.0
6702	1.0
6703	1.0
6704	1.0
6705	1.0
6706	0.96875
6707	1.0
6708	1.0
6709	1.0
6710	1.0
6711	1.0
6712	1.0
6713	1.0
6714	1.0
6715	1.0
6716	1.0
6717	1.0
6718	1.0
6719	1.0
6720	1.0
6721	1.0
6722	1.0
6723	1.0
6724	1.0
6725	1.0
6726	1.0
6727	1.0
6728	1.0
6729	1.0
6730	1.0
6731	1.0
6732	1.0
6733	1.0
6734	1.0
6735	1.0
6736	1.0
6737	1.0
6738	1.0
6739	1.0
6740	1.0
6741	1.0
6742	1.0
6743	1.0
6744	1.0
6745	1.0
6746	1.0
6747	1.0
6748	1.0
6749	1.0
6750	1.0
6751	1.0
6752	1.0
6753	1.0
6754	1.0
6755	1.0
6756	1.0
6757	1.0
6758	1.0
6759	1.0
6760	1.0
6761	1.0
6762	1.0
6763	1.0
6764	1.0
6765	1.0
6766	1.0
6767	1.0
6768	1.0
6769	1.0
6770	1.0
6771	1.0
6772	1.0
6773	1.0
6774	1.0
6775	1.0
6776	1.0
6777	1.0
6778	1.0
6779	1.0
6780	1.0
6781	1.0
6782	1.0
6783	1.0
6784	1.0
6785	1.0
6786	1.0
6787	1.0
6788	1.0
6789	1.0
6790	1.0
6791	1.0
6792	1.0
6793	1.0
6794	1.0
6795	1.0
6796	1.0
6797	1.0
6798	1.0
6799	1.0
6800	1.0
6801	1.0
6802	1.0
6803	1.0
6804	1.0
6805	1.0
6806	1.0
6807	1.0
6808	1.0
6809	1.0
6810	1.0
6811	1.0
6812	1.0
6813	1.0
6814	1.0
6815	1.0
6816	1.0
6817	1.0
6818	1.0
6819	1.0
6820	1.0
6821	1.0
6822	1.0
6823	1.0
6824	1.0
6825	1.0
6826	1.0
6827	0.96875
6828	1.0
6829	1.0
6830	1.0
6831	1.0
6832	1.0
6833	1.0
6834	1.0
6835	1.0
6836	1.0
6837	1.0
6838	1.0
6839	1.0
6840	1.0
6841	1.0
6842	1.0
6843	1.0
6844	1.0
6845	1.0
6846	1.0
6847	1.0
6848	1.0
6849	1.0
6850	1.0
6851	1.0
6852	1.0
6853	1.0
6854	1.0
6855	1.0
6856	1.0
6857	1.0
6858	1.0
6859	1.0
6860	1.0
6861	1.0
6862	1.0
6863	1.0
6864	1.0
6865	0.96875
6866	1.0
6867	1.0
6868	1.0
6869	1.0
6870	1.0
6871	1.0
6872	1.0
6873	1.0
6874	1.0
6875	1.0
6876	1.0
6877	1.0
6878	1.0
6879	1.0
6880	1.0
6881	1.0
6882	1.0
6883	1.0
6884	1.0
6885	1.0
6886	1.0
6887	1.0
6888	1.0
6889	1.0
6890	1.0
6891	1.0
6892	1.0
6893	1.0
6894	1.0
6895	1.0
6896	1.0
6897	1.0
6898	1.0
6899	1.0
6900	1.0
6901	1.0
6902	1.0
6903	1.0
6904	1.0
6905	1.0
6906	1.0
6907	1.0
6908	1.0
6909	1.0
6910	1.0
6911	1.0
6912	1.0
6913	1.0
6914	0.96875
6915	1.0
6916	1.0
6917	1.0
6918	1.0
6919	1.0
6920	1.0
6921	1.0
6922	1.0
6923	1.0
6924	1.0
6925	1.0
6926	1.0
6927	1.0
6928	1.0
6929	1.0
6930	1.0
6931	1.0
6932	1.0
6933	1.0
6934	1.0
6935	1.0
6936	1.0
6937	1.0
6938	1.0
6939	1.0
6940	1.0
6941	1.0
6942	1.0
6943	1.0
6944	1.0
6945	1.0
6946	1.0
6947	1.0
6948	1.0
6949	1.0
6950	1.0
6951	1.0
6952	1.0
6953	1.0
6954	1.0
6955	1.0
6956	1.0
6957	1.0
6958	1.0
6959	1.0
6960	1.0
6961	1.0
6962	1.0
6963	1.0
6964	1.0
6965	1.0
6966	1.0
6967	1.0
6968	1.0
6969	1.0
6970	1.0
6971	1.0
6972	1.0
6973	1.0
6974	1.0
6975	1.0
6976	1.0
6977	1.0
6978	1.0
6979	1.0
6980	1.0
6981	1.0
6982	1.0
6983	1.0
6984	1.0
6985	1.0
6986	1.0
6987	0.96875
6988	1.0
6989	1.0
6990	1.0
6991	1.0
6992	1.0
6993	1.0
6994	1.0
6995	1.0
6996	1.0
6997	1.0
6998	1.0
6999	1.0
7000	1.0
7001	1.0
7002	1.0
7003	1.0
7004	1.0
7005	1.0
7006	1.0
7007	1.0
7008	1.0
7009	1.0
7010	1.0
7011	1.0
7012	1.0
7013	1.0
7014	1.0
7015	1.0
7016	1.0
7017	1.0
7018	1.0
7019	1.0
7020	1.0
7021	1.0
7022	1.0
7023	1.0
7024	1.0
7025	1.0
7026	1.0
7027	1.0
7028	1.0
7029	1.0
7030	1.0
7031	1.0
7032	1.0
7033	1.0
7034	1.0
7035	1.0
7036	1.0
7037	1.0
7038	1.0
7039	1.0
7040	1.0
7041	1.0
7042	1.0
7043	1.0
7044	1.0
7045	1.0
7046	1.0
7047	1.0
7048	1.0
7049	1.0
7050	1.0
7051	1.0
7052	1.0
7053	1.0
7054	1.0
7055	1.0
7056	1.0
7057	1.0
7058	1.0
7059	1.0
7060	1.0
7061	1.0
7062	1.0
7063	1.0
7064	1.0
7065	1.0
7066	1.0
7067	1.0
7068	1.0
7069	1.0
7070	1.0
7071	1.0
7072	1.0
7073	1.0
7074	1.0
7075	1.0
7076	1.0
7077	1.0
7078	1.0
7079	0.96875
7080	1.0
7081	1.0
7082	1.0
7083	1.0
7084	1.0
7085	1.0
7086	1.0
7087	1.0
7088	1.0
7089	1.0
7090	1.0
7091	1.0
7092	1.0
7093	1.0
7094	1.0
7095	1.0
7096	1.0
7097	1.0
7098	1.0
7099	1.0
7100	1.0
7101	1.0
7102	1.0
7103	1.0
7104	1.0
7105	1.0
7106	1.0
7107	1.0
7108	1.0
7109	1.0
7110	1.0
7111	1.0
7112	1.0
7113	1.0
7114	1.0
7115	1.0
7116	1.0
7117	1.0
7118	1.0
7119	1.0
7120	1.0
7121	1.0
7122	1.0
7123	1.0
7124	1.0
7125	1.0
7126	1.0
7127	1.0
7128	1.0
7129	1.0
7130	1.0
7131	1.0
7132	1.0
7133	1.0
7134	1.0
7135	1.0
7136	1.0
7137	1.0
7138	1.0
7139	1.0
7140	1.0
7141	1.0
7142	1.0
7143	1.0
7144	1.0
7145	1.0
7146	1.0
7147	1.0
7148	1.0
7149	1.0
7150	1.0
7151	1.0
7152	1.0
7153	1.0
7154	1.0
7155	1.0
7156	1.0
7157	1.0
7158	1.0
7159	1.0
7160	1.0
7161	1.0
7162	1.0
7163	1.0
7164	1.0
7165	1.0
7166	1.0
7167	1.0
7168	1.0
7169	1.0
7170	1.0
7171	1.0
7172	1.0
7173	1.0
7174	1.0
7175	1.0
7176	1.0
7177	1.0
7178	1.0
7179	1.0
7180	1.0
7181	1.0
7182	1.0
7183	0.96875
7184	1.0
7185	1.0
7186	1.0
7187	1.0
7188	1.0
7189	1.0
7190	1.0
7191	1.0
7192	1.0
7193	1.0
7194	1.0
7195	1.0
7196	1.0
7197	1.0
7198	1.0
7199	1.0
